gameKey,playID,view,video,frame,left,width,top,height
57906,718,Sideline,57906_000718_Sideline.mp4,1,792,8,375,7
57906,718,Sideline,57906_000718_Sideline.mp4,2,791,8,375,7
57906,718,Sideline,57906_000718_Sideline.mp4,3,791,8,375,7
57906,718,Sideline,57906_000718_Sideline.mp4,4,791,8,375,7
57906,718,Sideline,57906_000718_Sideline.mp4,5,791,8,375,7
57906,718,Sideline,57906_000718_Sideline.mp4,23,791,9,369,7
57906,718,Sideline,57906_000718_Sideline.mp4,24,792,8,369,7
57906,718,Sideline,57906_000718_Sideline.mp4,25,755,9,335,11
57906,718,Sideline,57906_000718_Sideline.mp4,26,756,9,334,11
57906,718,Sideline,57906_000718_Sideline.mp4,27,758,9,335,10
57906,718,Sideline,57906_000718_Sideline.mp4,27,773,9,332,9
57906,718,Sideline,57906_000718_Sideline.mp4,28,758,9,334,10
57906,718,Sideline,57906_000718_Sideline.mp4,28,772,9,332,9
57906,718,Sideline,57906_000718_Sideline.mp4,28,790,8,361,8
57906,718,Sideline,57906_000718_Sideline.mp4,28,797,8,365,9
57906,718,Sideline,57906_000718_Sideline.mp4,29,759,9,334,9
57906,718,Sideline,57906_000718_Sideline.mp4,29,771,9,333,9
57906,718,Sideline,57906_000718_Sideline.mp4,29,797,8,365,8
57906,718,Sideline,57906_000718_Sideline.mp4,29,790,8,361,8
57906,718,Sideline,57906_000718_Sideline.mp4,30,770,9,334,9
57906,718,Sideline,57906_000718_Sideline.mp4,30,797,9,364,8
57906,718,Sideline,57906_000718_Sideline.mp4,30,760,9,335,9
57906,718,Sideline,57906_000718_Sideline.mp4,30,790,8,361,8
57906,718,Sideline,57906_000718_Sideline.mp4,31,797,9,364,8
57906,718,Sideline,57906_000718_Sideline.mp4,31,768,8,334,9
57906,718,Sideline,57906_000718_Sideline.mp4,31,790,7,360,7
57906,718,Sideline,57906_000718_Sideline.mp4,31,760,8,336,8
57906,718,Sideline,57906_000718_Sideline.mp4,32,797,9,363,8
57906,718,Sideline,57906_000718_Sideline.mp4,32,768,8,333,8
57906,718,Sideline,57906_000718_Sideline.mp4,32,789,7,360,8
57906,718,Sideline,57906_000718_Sideline.mp4,32,808,7,363,11
57906,718,Sideline,57906_000718_Sideline.mp4,32,761,8,336,8
57906,718,Sideline,57906_000718_Sideline.mp4,33,797,9,362,8
57906,718,Sideline,57906_000718_Sideline.mp4,33,807,7,363,10
57906,718,Sideline,57906_000718_Sideline.mp4,33,790,7,359,8
57906,718,Sideline,57906_000718_Sideline.mp4,33,762,8,336,8
57906,718,Sideline,57906_000718_Sideline.mp4,33,768,8,332,7
57906,718,Sideline,57906_000718_Sideline.mp4,34,796,9,362,9
57906,718,Sideline,57906_000718_Sideline.mp4,34,805,8,363,10
57906,718,Sideline,57906_000718_Sideline.mp4,34,762,8,336,8
57906,718,Sideline,57906_000718_Sideline.mp4,34,790,7,359,9
57906,718,Sideline,57906_000718_Sideline.mp4,34,767,9,332,7
57906,718,Sideline,57906_000718_Sideline.mp4,35,796,9,361,9
57906,718,Sideline,57906_000718_Sideline.mp4,35,763,8,336,8
57906,718,Sideline,57906_000718_Sideline.mp4,35,805,7,364,9
57906,718,Sideline,57906_000718_Sideline.mp4,35,790,7,358,9
57906,718,Sideline,57906_000718_Sideline.mp4,35,802,7,363,9
57906,718,Sideline,57906_000718_Sideline.mp4,35,766,8,332,6
57906,718,Sideline,57906_000718_Sideline.mp4,36,763,8,336,8
57906,718,Sideline,57906_000718_Sideline.mp4,36,795,8,361,9
57906,718,Sideline,57906_000718_Sideline.mp4,36,804,7,363,9
57906,718,Sideline,57906_000718_Sideline.mp4,36,790,7,358,10
57906,718,Sideline,57906_000718_Sideline.mp4,37,763,8,336,8
57906,718,Sideline,57906_000718_Sideline.mp4,37,803,7,363,9
57906,718,Sideline,57906_000718_Sideline.mp4,37,795,8,361,9
57906,718,Sideline,57906_000718_Sideline.mp4,38,763,9,335,8
57906,718,Sideline,57906_000718_Sideline.mp4,38,803,7,363,9
57906,718,Sideline,57906_000718_Sideline.mp4,38,795,9,360,9
57906,718,Sideline,57906_000718_Sideline.mp4,39,763,9,335,8
57906,718,Sideline,57906_000718_Sideline.mp4,39,802,7,362,10
57906,718,Sideline,57906_000718_Sideline.mp4,39,795,8,360,9
57906,718,Sideline,57906_000718_Sideline.mp4,40,763,8,335,8
57906,718,Sideline,57906_000718_Sideline.mp4,40,802,7,363,9
57906,718,Sideline,57906_000718_Sideline.mp4,41,868,9,404,11
57906,718,Sideline,57906_000718_Sideline.mp4,41,855,10,405,9
57906,718,Sideline,57906_000718_Sideline.mp4,42,746,10,301,11
57906,718,Sideline,57906_000718_Sideline.mp4,42,855,10,405,9
57906,718,Sideline,57906_000718_Sideline.mp4,42,759,9,303,12
57906,718,Sideline,57906_000718_Sideline.mp4,42,867,8,404,10
57906,718,Sideline,57906_000718_Sideline.mp4,43,748,9,301,10
57906,718,Sideline,57906_000718_Sideline.mp4,43,759,9,303,12
57906,718,Sideline,57906_000718_Sideline.mp4,43,856,10,405,9
57906,718,Sideline,57906_000718_Sideline.mp4,43,867,8,405,10
57906,718,Sideline,57906_000718_Sideline.mp4,44,750,8,301,10
57906,718,Sideline,57906_000718_Sideline.mp4,44,759,9,303,12
57906,718,Sideline,57906_000718_Sideline.mp4,44,857,10,405,9
57906,718,Sideline,57906_000718_Sideline.mp4,44,867,8,405,10
57906,718,Sideline,57906_000718_Sideline.mp4,45,759,8,303,12
57906,718,Sideline,57906_000718_Sideline.mp4,45,867,7,404,10
57906,718,Sideline,57906_000718_Sideline.mp4,45,857,9,404,8
57906,718,Sideline,57906_000718_Sideline.mp4,45,753,7,301,10
57906,718,Sideline,57906_000718_Sideline.mp4,45,836,7,385,8
57906,718,Sideline,57906_000718_Sideline.mp4,46,856,10,404,8
57906,718,Sideline,57906_000718_Sideline.mp4,46,866,8,404,10
57906,718,Sideline,57906_000718_Sideline.mp4,46,759,8,303,11
57906,718,Sideline,57906_000718_Sideline.mp4,46,834,7,384,8
57906,718,Sideline,57906_000718_Sideline.mp4,47,865,8,402,11
57906,718,Sideline,57906_000718_Sideline.mp4,47,758,8,303,11
57906,718,Sideline,57906_000718_Sideline.mp4,47,855,10,403,8
57906,718,Sideline,57906_000718_Sideline.mp4,47,833,7,384,8
57906,718,Sideline,57906_000718_Sideline.mp4,47,754,7,300,7
57906,718,Sideline,57906_000718_Sideline.mp4,48,864,8,402,11
57906,718,Sideline,57906_000718_Sideline.mp4,48,755,8,299,6
57906,718,Sideline,57906_000718_Sideline.mp4,48,757,8,305,10
57906,718,Sideline,57906_000718_Sideline.mp4,48,832,8,383,9
57906,718,Sideline,57906_000718_Sideline.mp4,48,853,10,402,8
57906,718,Sideline,57906_000718_Sideline.mp4,49,757,8,304,10
57906,718,Sideline,57906_000718_Sideline.mp4,49,755,9,298,6
57906,718,Sideline,57906_000718_Sideline.mp4,49,864,7,401,10
57906,718,Sideline,57906_000718_Sideline.mp4,49,832,8,382,9
57906,718,Sideline,57906_000718_Sideline.mp4,49,853,9,401,8
57906,718,Sideline,57906_000718_Sideline.mp4,50,757,8,304,9
57906,718,Sideline,57906_000718_Sideline.mp4,50,832,8,382,9
57906,718,Sideline,57906_000718_Sideline.mp4,50,756,9,297,6
57906,718,Sideline,57906_000718_Sideline.mp4,51,832,7,381,8
57906,718,Sideline,57906_000718_Sideline.mp4,52,831,8,380,8
57906,718,Sideline,57906_000718_Sideline.mp4,53,831,8,380,8
57906,718,Sideline,57906_000718_Sideline.mp4,84,782,8,335,9
57906,718,Sideline,57906_000718_Sideline.mp4,106,766,10,336,10
57906,718,Sideline,57906_000718_Sideline.mp4,107,768,9,337,9
57906,718,Sideline,57906_000718_Sideline.mp4,108,770,9,337,9
57906,718,Sideline,57906_000718_Sideline.mp4,108,783,9,336,10
57906,718,Sideline,57906_000718_Sideline.mp4,109,772,9,337,9
57906,718,Sideline,57906_000718_Sideline.mp4,109,784,9,335,11
57906,718,Sideline,57906_000718_Sideline.mp4,110,774,8,336,8
57906,718,Sideline,57906_000718_Sideline.mp4,110,783,8,335,11
57906,718,Sideline,57906_000718_Sideline.mp4,111,777,7,335,8
57906,718,Sideline,57906_000718_Sideline.mp4,111,785,8,334,10
57906,718,Sideline,57906_000718_Sideline.mp4,112,784,8,333,10
57906,718,Sideline,57906_000718_Sideline.mp4,112,777,7,334,8
57906,718,Sideline,57906_000718_Sideline.mp4,112,781,7,334,9
57906,718,Sideline,57906_000718_Sideline.mp4,113,782,8,333,10
57906,718,Sideline,57906_000718_Sideline.mp4,113,777,7,333,8
57906,718,Sideline,57906_000718_Sideline.mp4,113,780,7,333,9
57906,718,Sideline,57906_000718_Sideline.mp4,114,782,8,332,10
57906,718,Sideline,57906_000718_Sideline.mp4,114,778,7,332,9
57906,718,Sideline,57906_000718_Sideline.mp4,115,784,8,330,11
57906,718,Sideline,57906_000718_Sideline.mp4,115,778,7,332,9
57906,718,Sideline,57906_000718_Sideline.mp4,116,784,8,329,11
57906,718,Sideline,57906_000718_Sideline.mp4,116,781,8,330,10
57906,718,Sideline,57906_000718_Sideline.mp4,116,779,7,332,9
57906,718,Sideline,57906_000718_Sideline.mp4,117,784,8,329,10
57906,718,Sideline,57906_000718_Sideline.mp4,118,782,8,330,9
57906,718,Sideline,57906_000718_Sideline.mp4,118,784,8,329,10
57906,718,Sideline,57906_000718_Sideline.mp4,129,806,9,354,7
57906,718,Sideline,57906_000718_Sideline.mp4,130,807,9,354,7
57906,718,Sideline,57906_000718_Sideline.mp4,131,808,9,354,7
57906,718,Sideline,57906_000718_Sideline.mp4,132,808,9,354,7
57906,718,Sideline,57906_000718_Sideline.mp4,133,807,9,353,7
57906,718,Sideline,57906_000718_Sideline.mp4,134,810,9,353,7
57906,718,Sideline,57906_000718_Sideline.mp4,135,812,8,353,7
57906,718,Sideline,57906_000718_Sideline.mp4,136,813,8,352,7
57906,718,Sideline,57906_000718_Sideline.mp4,137,814,8,352,7
57906,718,Sideline,57906_000718_Sideline.mp4,138,815,8,352,7
57906,718,Sideline,57906_000718_Sideline.mp4,150,784,10,326,9
57906,718,Sideline,57906_000718_Sideline.mp4,225,800,7,323,8
57906,718,Sideline,57906_000718_Sideline.mp4,226,801,7,323,8
57906,718,Sideline,57906_000718_Sideline.mp4,227,803,7,323,8
57906,718,Sideline,57906_000718_Sideline.mp4,237,631,9,333,8
57906,718,Sideline,57906_000718_Sideline.mp4,238,635,9,333,8
57906,718,Sideline,57906_000718_Sideline.mp4,239,639,9,334,8
57906,718,Sideline,57906_000718_Sideline.mp4,239,639,9,321,9
57906,718,Sideline,57906_000718_Sideline.mp4,240,643,9,333,8
57906,718,Sideline,57906_000718_Sideline.mp4,240,642,10,322,9
57906,718,Sideline,57906_000718_Sideline.mp4,241,647,9,334,8
57906,718,Sideline,57906_000718_Sideline.mp4,241,645,9,324,8
57906,718,Sideline,57906_000718_Sideline.mp4,242,650,8,334,7
57906,718,Sideline,57906_000718_Sideline.mp4,242,648,8,325,8
57906,718,Sideline,57906_000718_Sideline.mp4,243,654,8,334,7
57906,718,Sideline,57906_000718_Sideline.mp4,243,652,8,326,7
57906,718,Sideline,57906_000718_Sideline.mp4,244,657,9,334,8
57906,718,Sideline,57906_000718_Sideline.mp4,245,662,8,336,7
57906,718,Sideline,57906_000718_Sideline.mp4,245,658,8,328,8
57906,718,Sideline,57906_000718_Sideline.mp4,246,664,8,337,8
57906,718,Sideline,57906_000718_Sideline.mp4,246,662,9,328,8
57906,718,Sideline,57906_000718_Sideline.mp4,247,668,8,339,8
57906,718,Sideline,57906_000718_Sideline.mp4,247,665,9,329,8
57906,718,Sideline,57906_000718_Sideline.mp4,248,668,9,328,9
57906,718,Sideline,57906_000718_Sideline.mp4,248,670,7,340,7
57906,718,Sideline,57906_000718_Sideline.mp4,249,671,9,328,10
57906,718,Sideline,57906_000718_Sideline.mp4,250,672,10,328,10
57906,718,Sideline,57906_000718_Sideline.mp4,251,675,9,328,10
57906,718,Sideline,57906_000718_Sideline.mp4,251,675,7,337,8
57906,718,Sideline,57906_000718_Sideline.mp4,257,696,8,343,7
57906,718,Sideline,57906_000718_Sideline.mp4,273,730,8,352,8
57906,718,Sideline,57906_000718_Sideline.mp4,274,731,9,353,7
57906,718,Sideline,57906_000718_Sideline.mp4,276,728,7,356,8
57906,718,Sideline,57906_000718_Sideline.mp4,313,844,9,348,9
57906,718,Sideline,57906_000718_Sideline.mp4,329,828,12,332,9
57906,718,Sideline,57906_000718_Sideline.mp4,330,830,11,332,9
57906,718,Sideline,57906_000718_Sideline.mp4,359,724,14,310,18
57906,718,Sideline,57906_000718_Sideline.mp4,363,814,12,333,13
57906,718,Sideline,57906_000718_Sideline.mp4,365,812,11,334,13
57906,718,Sideline,57906_000718_Sideline.mp4,366,811,11,334,12
57906,718,Sideline,57906_000718_Sideline.mp4,367,811,11,335,13
57906,718,Sideline,57906_000718_Sideline.mp4,368,809,12,335,13
57906,718,Sideline,57906_000718_Sideline.mp4,369,808,12,335,14
57906,718,Sideline,57906_000718_Sideline.mp4,370,807,12,335,13
57906,718,Sideline,57906_000718_Sideline.mp4,371,805,13,334,13
57906,718,Sideline,57906_000718_Sideline.mp4,374,800,14,334,14
57906,718,Sideline,57906_000718_Sideline.mp4,375,799,14,334,15
57906,718,Sideline,57906_000718_Sideline.mp4,383,813,14,338,14
57906,718,Sideline,57906_000718_Sideline.mp4,387,813,14,335,15
57906,718,Sideline,57906_000718_Sideline.mp4,404,743,12,340,7
57906,718,Sideline,57906_000718_Sideline.mp4,405,744,11,339,7
57906,718,Sideline,57906_000718_Sideline.mp4,406,743,13,339,8
57906,718,Sideline,57906_000718_Sideline.mp4,407,744,12,339,8
57906,718,Sideline,57906_000718_Sideline.mp4,408,744,14,339,8
57906,718,Endzone,57906_000718_Endzone.mp4,26,627,18,268,24
57906,718,Endzone,57906_000718_Endzone.mp4,27,628,18,267,25
57906,718,Endzone,57906_000718_Endzone.mp4,27,656,21,270,14
57906,718,Endzone,57906_000718_Endzone.mp4,28,630,17,267,25
57906,718,Endzone,57906_000718_Endzone.mp4,28,806,18,277,17
57906,718,Endzone,57906_000718_Endzone.mp4,28,652,13,268,15
57906,718,Endzone,57906_000718_Endzone.mp4,28,817,17,267,24
57906,718,Endzone,57906_000718_Endzone.mp4,29,808,18,277,16
57906,718,Endzone,57906_000718_Endzone.mp4,29,650,13,265,16
57906,718,Endzone,57906_000718_Endzone.mp4,29,631,18,265,24
57906,718,Endzone,57906_000718_Endzone.mp4,29,815,16,271,20
57906,718,Endzone,57906_000718_Endzone.mp4,30,646,15,265,17
57906,718,Endzone,57906_000718_Endzone.mp4,30,808,18,277,16
57906,718,Endzone,57906_000718_Endzone.mp4,30,630,17,265,24
57906,718,Endzone,57906_000718_Endzone.mp4,31,812,19,276,16
57906,718,Endzone,57906_000718_Endzone.mp4,31,644,17,264,17
57906,718,Endzone,57906_000718_Endzone.mp4,31,629,17,263,24
57906,718,Endzone,57906_000718_Endzone.mp4,32,642,18,262,17
57906,718,Endzone,57906_000718_Endzone.mp4,32,626,18,262,22
57906,718,Endzone,57906_000718_Endzone.mp4,32,811,21,276,17
57906,718,Endzone,57906_000718_Endzone.mp4,32,801,16,271,15
57906,718,Endzone,57906_000718_Endzone.mp4,33,624,18,261,21
57906,718,Endzone,57906_000718_Endzone.mp4,33,640,19,261,17
57906,718,Endzone,57906_000718_Endzone.mp4,33,812,22,275,17
57906,718,Endzone,57906_000718_Endzone.mp4,33,800,18,270,15
57906,718,Endzone,57906_000718_Endzone.mp4,33,614,18,273,16
57906,718,Endzone,57906_000718_Endzone.mp4,34,622,18,258,20
57906,718,Endzone,57906_000718_Endzone.mp4,34,639,19,259,18
57906,718,Endzone,57906_000718_Endzone.mp4,34,814,22,274,18
57906,718,Endzone,57906_000718_Endzone.mp4,34,800,19,269,16
57906,718,Endzone,57906_000718_Endzone.mp4,34,615,17,272,16
57906,718,Endzone,57906_000718_Endzone.mp4,35,621,19,255,20
57906,718,Endzone,57906_000718_Endzone.mp4,35,800,19,270,15
57906,718,Endzone,57906_000718_Endzone.mp4,35,616,18,272,16
57906,718,Endzone,57906_000718_Endzone.mp4,35,816,22,272,19
57906,718,Endzone,57906_000718_Endzone.mp4,35,639,20,256,18
57906,718,Endzone,57906_000718_Endzone.mp4,36,622,19,253,21
57906,718,Endzone,57906_000718_Endzone.mp4,36,616,17,269,16
57906,718,Endzone,57906_000718_Endzone.mp4,36,800,18,270,14
57906,718,Endzone,57906_000718_Endzone.mp4,36,815,23,271,19
57906,718,Endzone,57906_000718_Endzone.mp4,36,639,21,254,17
57906,718,Endzone,57906_000718_Endzone.mp4,37,621,20,251,21
57906,718,Endzone,57906_000718_Endzone.mp4,37,617,18,268,17
57906,718,Endzone,57906_000718_Endzone.mp4,37,800,18,270,14
57906,718,Endzone,57906_000718_Endzone.mp4,38,617,18,267,17
57906,718,Endzone,57906_000718_Endzone.mp4,38,620,20,249,23
57906,718,Endzone,57906_000718_Endzone.mp4,38,801,18,270,13
57906,718,Endzone,57906_000718_Endzone.mp4,39,616,17,267,16
57906,718,Endzone,57906_000718_Endzone.mp4,39,620,20,248,24
57906,718,Endzone,57906_000718_Endzone.mp4,39,801,18,270,14
57906,718,Endzone,57906_000718_Endzone.mp4,40,616,17,266,16
57906,718,Endzone,57906_000718_Endzone.mp4,40,619,21,248,23
57906,718,Endzone,57906_000718_Endzone.mp4,40,352,20,263,26
57906,718,Endzone,57906_000718_Endzone.mp4,40,364,18,283,15
57906,718,Endzone,57906_000718_Endzone.mp4,40,802,18,269,14
57906,718,Endzone,57906_000718_Endzone.mp4,41,354,20,265,25
57906,718,Endzone,57906_000718_Endzone.mp4,41,365,17,282,15
57906,718,Endzone,57906_000718_Endzone.mp4,41,615,18,264,17
57906,718,Endzone,57906_000718_Endzone.mp4,41,618,21,247,23
57906,718,Endzone,57906_000718_Endzone.mp4,42,366,17,283,15
57906,718,Endzone,57906_000718_Endzone.mp4,42,359,18,267,25
57906,718,Endzone,57906_000718_Endzone.mp4,42,937,24,284,19
57906,718,Endzone,57906_000718_Endzone.mp4,42,966,22,278,26
57906,718,Endzone,57906_000718_Endzone.mp4,43,473,20,270,17
57906,718,Endzone,57906_000718_Endzone.mp4,43,368,18,283,14
57906,718,Endzone,57906_000718_Endzone.mp4,43,362,19,269,22
57906,718,Endzone,57906_000718_Endzone.mp4,43,965,22,280,27
57906,718,Endzone,57906_000718_Endzone.mp4,43,939,24,285,19
57906,718,Endzone,57906_000718_Endzone.mp4,44,943,23,285,19
57906,718,Endzone,57906_000718_Endzone.mp4,44,965,22,282,26
57906,718,Endzone,57906_000718_Endzone.mp4,44,476,20,269,17
57906,718,Endzone,57906_000718_Endzone.mp4,44,372,16,283,13
57906,718,Endzone,57906_000718_Endzone.mp4,44,364,18,270,21
57906,718,Endzone,57906_000718_Endzone.mp4,45,965,21,284,26
57906,718,Endzone,57906_000718_Endzone.mp4,45,944,23,286,18
57906,718,Endzone,57906_000718_Endzone.mp4,45,367,18,269,24
57906,718,Endzone,57906_000718_Endzone.mp4,45,478,20,267,18
57906,718,Endzone,57906_000718_Endzone.mp4,45,375,16,284,13
57906,718,Endzone,57906_000718_Endzone.mp4,46,368,20,267,26
57906,718,Endzone,57906_000718_Endzone.mp4,46,965,22,286,25
57906,718,Endzone,57906_000718_Endzone.mp4,46,481,20,267,18
57906,718,Endzone,57906_000718_Endzone.mp4,46,946,22,286,18
57906,718,Endzone,57906_000718_Endzone.mp4,46,378,16,282,13
57906,718,Endzone,57906_000718_Endzone.mp4,47,379,18,280,16
57906,718,Endzone,57906_000718_Endzone.mp4,47,966,23,287,26
57906,718,Endzone,57906_000718_Endzone.mp4,47,947,22,285,18
57906,718,Endzone,57906_000718_Endzone.mp4,47,483,20,266,18
57906,718,Endzone,57906_000718_Endzone.mp4,47,372,21,266,23
57906,718,Endzone,57906_000718_Endzone.mp4,48,969,23,287,26
57906,718,Endzone,57906_000718_Endzone.mp4,48,486,20,265,18
57906,718,Endzone,57906_000718_Endzone.mp4,48,382,18,280,16
57906,718,Endzone,57906_000718_Endzone.mp4,48,950,22,284,18
57906,718,Endzone,57906_000718_Endzone.mp4,48,376,20,265,13
57906,718,Endzone,57906_000718_Endzone.mp4,49,971,25,288,26
57906,718,Endzone,57906_000718_Endzone.mp4,49,487,20,265,19
57906,718,Endzone,57906_000718_Endzone.mp4,49,952,23,283,18
57906,718,Endzone,57906_000718_Endzone.mp4,50,974,24,288,26
57906,718,Endzone,57906_000718_Endzone.mp4,50,489,20,265,19
57906,718,Endzone,57906_000718_Endzone.mp4,50,954,23,283,19
57906,718,Endzone,57906_000718_Endzone.mp4,51,491,21,264,18
57906,718,Endzone,57906_000718_Endzone.mp4,51,976,23,288,27
57906,718,Endzone,57906_000718_Endzone.mp4,52,494,20,263,18
57906,718,Endzone,57906_000718_Endzone.mp4,52,977,23,288,27
57906,718,Endzone,57906_000718_Endzone.mp4,53,978,23,289,27
57906,718,Endzone,57906_000718_Endzone.mp4,53,495,21,263,18
57906,718,Endzone,57906_000718_Endzone.mp4,54,978,23,290,27
57906,718,Endzone,57906_000718_Endzone.mp4,55,979,22,291,27
57906,718,Endzone,57906_000718_Endzone.mp4,55,964,23,284,20
57906,718,Endzone,57906_000718_Endzone.mp4,56,979,22,291,28
57906,718,Endzone,57906_000718_Endzone.mp4,56,962,24,284,21
57906,718,Endzone,57906_000718_Endzone.mp4,57,979,22,292,28
57906,718,Endzone,57906_000718_Endzone.mp4,57,962,25,284,21
57906,718,Endzone,57906_000718_Endzone.mp4,58,979,22,293,28
57906,718,Endzone,57906_000718_Endzone.mp4,58,961,25,285,22
57906,718,Endzone,57906_000718_Endzone.mp4,59,978,22,294,27
57906,718,Endzone,57906_000718_Endzone.mp4,59,960,25,285,22
57906,718,Endzone,57906_000718_Endzone.mp4,60,978,23,294,28
57906,718,Endzone,57906_000718_Endzone.mp4,60,407,17,280,17
57906,718,Endzone,57906_000718_Endzone.mp4,61,978,23,295,28
57906,718,Endzone,57906_000718_Endzone.mp4,62,978,23,295,27
57906,718,Endzone,57906_000718_Endzone.mp4,63,978,23,296,27
57906,718,Endzone,57906_000718_Endzone.mp4,65,978,23,297,26
57906,718,Endzone,57906_000718_Endzone.mp4,97,772,21,288,20
57906,718,Endzone,57906_000718_Endzone.mp4,98,775,21,290,19
57906,718,Endzone,57906_000718_Endzone.mp4,99,778,21,290,20
57906,718,Endzone,57906_000718_Endzone.mp4,100,781,21,292,21
57906,718,Endzone,57906_000718_Endzone.mp4,101,783,20,293,20
57906,718,Endzone,57906_000718_Endzone.mp4,102,785,20,293,20
57906,718,Endzone,57906_000718_Endzone.mp4,103,786,20,293,19
57906,718,Endzone,57906_000718_Endzone.mp4,104,788,19,294,19
57906,718,Endzone,57906_000718_Endzone.mp4,105,791,18,295,19
57906,718,Endzone,57906_000718_Endzone.mp4,106,792,18,296,19
57906,718,Endzone,57906_000718_Endzone.mp4,107,867,19,269,26
57906,718,Endzone,57906_000718_Endzone.mp4,107,845,18,278,15
57906,718,Endzone,57906_000718_Endzone.mp4,108,869,20,271,23
57906,718,Endzone,57906_000718_Endzone.mp4,108,847,18,276,15
57906,718,Endzone,57906_000718_Endzone.mp4,109,871,20,272,21
57906,718,Endzone,57906_000718_Endzone.mp4,109,850,20,274,14
57906,718,Endzone,57906_000718_Endzone.mp4,110,873,19,272,19
57906,718,Endzone,57906_000718_Endzone.mp4,110,853,21,270,17
57906,718,Endzone,57906_000718_Endzone.mp4,111,874,18,270,19
57906,718,Endzone,57906_000718_Endzone.mp4,111,856,20,267,17
57906,718,Endzone,57906_000718_Endzone.mp4,112,877,17,268,19
57906,718,Endzone,57906_000718_Endzone.mp4,112,860,19,265,17
57906,718,Endzone,57906_000718_Endzone.mp4,113,880,16,267,18
57906,718,Endzone,57906_000718_Endzone.mp4,113,863,19,264,17
57906,718,Endzone,57906_000718_Endzone.mp4,114,882,15,266,17
57906,718,Endzone,57906_000718_Endzone.mp4,114,865,20,262,17
57906,718,Endzone,57906_000718_Endzone.mp4,115,867,19,262,17
57906,718,Endzone,57906_000718_Endzone.mp4,115,884,14,265,15
57906,718,Endzone,57906_000718_Endzone.mp4,116,886,13,265,13
57906,718,Endzone,57906_000718_Endzone.mp4,116,868,20,260,18
57906,718,Endzone,57906_000718_Endzone.mp4,117,871,20,260,18
57906,718,Endzone,57906_000718_Endzone.mp4,127,739,20,258,20
57906,718,Endzone,57906_000718_Endzone.mp4,128,739,19,260,19
57906,718,Endzone,57906_000718_Endzone.mp4,129,739,17,262,18
57906,718,Endzone,57906_000718_Endzone.mp4,130,738,17,265,10
57906,718,Endzone,57906_000718_Endzone.mp4,131,739,15,266,11
57906,718,Endzone,57906_000718_Endzone.mp4,132,736,14,268,11
57906,718,Endzone,57906_000718_Endzone.mp4,133,735,16,268,10
57906,718,Endzone,57906_000718_Endzone.mp4,162,870,15,311,18
57906,718,Endzone,57906_000718_Endzone.mp4,167,766,21,411,26
57906,718,Endzone,57906_000718_Endzone.mp4,182,811,19,261,17
57906,718,Endzone,57906_000718_Endzone.mp4,182,832,18,257,24
57906,718,Endzone,57906_000718_Endzone.mp4,183,811,18,262,18
57906,718,Endzone,57906_000718_Endzone.mp4,183,830,19,257,24
57906,718,Endzone,57906_000718_Endzone.mp4,184,829,18,258,24
57906,718,Endzone,57906_000718_Endzone.mp4,184,811,18,262,18
57906,718,Endzone,57906_000718_Endzone.mp4,185,829,15,259,23
57906,718,Endzone,57906_000718_Endzone.mp4,185,811,18,262,19
57906,718,Endzone,57906_000718_Endzone.mp4,186,810,19,261,19
57906,718,Endzone,57906_000718_Endzone.mp4,186,829,12,259,21
57906,718,Endzone,57906_000718_Endzone.mp4,187,829,19,261,18
57906,718,Endzone,57906_000718_Endzone.mp4,187,810,20,260,19
57906,718,Endzone,57906_000718_Endzone.mp4,188,830,19,260,21
57906,718,Endzone,57906_000718_Endzone.mp4,195,417,23,228,17
57906,718,Endzone,57906_000718_Endzone.mp4,196,414,24,226,17
57906,718,Endzone,57906_000718_Endzone.mp4,199,820,18,261,22
57906,718,Endzone,57906_000718_Endzone.mp4,202,804,18,265,19
57906,718,Endzone,57906_000718_Endzone.mp4,205,839,19,264,20
57906,718,Endzone,57906_000718_Endzone.mp4,206,838,19,265,19
57906,718,Endzone,57906_000718_Endzone.mp4,207,839,18,267,19
57906,718,Endzone,57906_000718_Endzone.mp4,208,839,18,267,19
57906,718,Endzone,57906_000718_Endzone.mp4,208,816,20,264,23
57906,718,Endzone,57906_000718_Endzone.mp4,209,838,17,268,19
57906,718,Endzone,57906_000718_Endzone.mp4,209,816,20,264,24
57906,718,Endzone,57906_000718_Endzone.mp4,210,837,17,268,19
57906,718,Endzone,57906_000718_Endzone.mp4,210,816,19,265,23
57906,718,Endzone,57906_000718_Endzone.mp4,211,837,18,268,19
57906,718,Endzone,57906_000718_Endzone.mp4,211,816,19,265,23
57906,718,Endzone,57906_000718_Endzone.mp4,213,816,20,268,22
57906,718,Endzone,57906_000718_Endzone.mp4,215,816,19,270,21
57906,718,Endzone,57906_000718_Endzone.mp4,219,818,18,275,20
57906,718,Endzone,57906_000718_Endzone.mp4,220,819,18,277,21
57906,718,Endzone,57906_000718_Endzone.mp4,221,820,18,279,20
57906,718,Endzone,57906_000718_Endzone.mp4,222,821,18,281,19
57906,718,Endzone,57906_000718_Endzone.mp4,223,822,18,283,20
57906,718,Endzone,57906_000718_Endzone.mp4,224,823,17,285,21
57906,718,Endzone,57906_000718_Endzone.mp4,225,824,16,286,22
57906,718,Endzone,57906_000718_Endzone.mp4,226,825,16,289,23
57906,718,Endzone,57906_000718_Endzone.mp4,227,826,15,291,22
57906,718,Endzone,57906_000718_Endzone.mp4,228,826,17,292,21
57906,718,Endzone,57906_000718_Endzone.mp4,229,825,15,296,20
57906,718,Endzone,57906_000718_Endzone.mp4,240,820,21,89,18
57906,718,Endzone,57906_000718_Endzone.mp4,240,775,18,86,27
57906,718,Endzone,57906_000718_Endzone.mp4,241,809,21,89,18
57906,718,Endzone,57906_000718_Endzone.mp4,241,773,18,88,28
57906,718,Endzone,57906_000718_Endzone.mp4,242,798,19,91,17
57906,718,Endzone,57906_000718_Endzone.mp4,242,772,18,92,27
57906,718,Endzone,57906_000718_Endzone.mp4,243,771,17,95,26
57906,718,Endzone,57906_000718_Endzone.mp4,243,788,17,93,15
57906,718,Endzone,57906_000718_Endzone.mp4,244,765,16,100,23
57906,718,Endzone,57906_000718_Endzone.mp4,244,779,14,96,17
57906,718,Endzone,57906_000718_Endzone.mp4,245,755,21,101,23
57906,718,Endzone,57906_000718_Endzone.mp4,245,772,14,93,15
57906,718,Endzone,57906_000718_Endzone.mp4,246,748,21,103,25
57906,718,Endzone,57906_000718_Endzone.mp4,246,763,15,93,17
57906,718,Endzone,57906_000718_Endzone.mp4,247,741,20,107,27
57906,718,Endzone,57906_000718_Endzone.mp4,247,753,17,90,17
57906,718,Endzone,57906_000718_Endzone.mp4,248,745,19,90,17
57906,718,Endzone,57906_000718_Endzone.mp4,248,733,21,110,25
57906,718,Endzone,57906_000718_Endzone.mp4,249,725,20,112,25
57906,718,Endzone,57906_000718_Endzone.mp4,249,738,20,89,18
57906,718,Endzone,57906_000718_Endzone.mp4,250,733,20,87,17
57906,718,Endzone,57906_000718_Endzone.mp4,250,716,18,114,23
57906,718,Endzone,57906_000718_Endzone.mp4,251,706,20,117,23
57906,718,Endzone,57906_000718_Endzone.mp4,252,697,24,121,22
57906,718,Endzone,57906_000718_Endzone.mp4,270,577,20,112,20
57906,718,Endzone,57906_000718_Endzone.mp4,286,826,14,318,11
57906,718,Endzone,57906_000718_Endzone.mp4,287,825,14,318,12
57906,718,Endzone,57906_000718_Endzone.mp4,288,827,14,319,12
57906,718,Endzone,57906_000718_Endzone.mp4,289,828,14,319,13
57906,718,Endzone,57906_000718_Endzone.mp4,290,828,15,319,14
57906,718,Endzone,57906_000718_Endzone.mp4,291,829,15,320,14
57906,718,Endzone,57906_000718_Endzone.mp4,292,829,15,318,16
57906,718,Endzone,57906_000718_Endzone.mp4,295,491,20,188,19
57995,109,Endzone,57995_000109_Endzone.mp4,28,663,23,287,27
57995,109,Endzone,57995_000109_Endzone.mp4,28,642,22,291,17
57995,109,Endzone,57995_000109_Endzone.mp4,29,645,22,290,17
57995,109,Endzone,57995_000109_Endzone.mp4,29,663,20,285,24
57995,109,Endzone,57995_000109_Endzone.mp4,30,646,23,289,17
57995,109,Endzone,57995_000109_Endzone.mp4,30,661,20,285,20
57995,109,Endzone,57995_000109_Endzone.mp4,31,647,23,289,16
57995,109,Endzone,57995_000109_Endzone.mp4,31,658,18,286,19
57995,109,Endzone,57995_000109_Endzone.mp4,32,648,23,288,16
57995,109,Endzone,57995_000109_Endzone.mp4,32,661,15,287,16
57995,109,Endzone,57995_000109_Endzone.mp4,33,650,23,287,16
57995,109,Endzone,57995_000109_Endzone.mp4,34,656,22,287,15
57995,109,Endzone,57995_000109_Endzone.mp4,34,647,14,286,14
57995,109,Endzone,57995_000109_Endzone.mp4,35,658,22,287,16
57995,109,Endzone,57995_000109_Endzone.mp4,35,648,16,286,14
57995,109,Endzone,57995_000109_Endzone.mp4,36,660,23,287,16
57995,109,Endzone,57995_000109_Endzone.mp4,36,647,17,285,15
57995,109,Endzone,57995_000109_Endzone.mp4,37,662,23,287,16
57995,109,Endzone,57995_000109_Endzone.mp4,37,648,18,284,16
57995,109,Endzone,57995_000109_Endzone.mp4,38,665,23,286,17
57995,109,Endzone,57995_000109_Endzone.mp4,38,648,18,285,15
57995,109,Endzone,57995_000109_Endzone.mp4,40,911,24,286,21
57995,109,Endzone,57995_000109_Endzone.mp4,40,934,22,280,32
57995,109,Endzone,57995_000109_Endzone.mp4,41,934,22,281,31
57995,109,Endzone,57995_000109_Endzone.mp4,41,913,24,286,20
57995,109,Endzone,57995_000109_Endzone.mp4,42,915,24,285,19
57995,109,Endzone,57995_000109_Endzone.mp4,42,935,22,282,30
57995,109,Endzone,57995_000109_Endzone.mp4,43,917,24,285,20
57995,109,Endzone,57995_000109_Endzone.mp4,43,938,20,282,29
57995,109,Endzone,57995_000109_Endzone.mp4,44,917,24,283,21
57995,109,Endzone,57995_000109_Endzone.mp4,44,939,19,284,25
57995,109,Endzone,57995_000109_Endzone.mp4,44,494,21,278,18
57995,109,Endzone,57995_000109_Endzone.mp4,44,469,22,282,32
57995,109,Endzone,57995_000109_Endzone.mp4,45,917,23,281,21
57995,109,Endzone,57995_000109_Endzone.mp4,45,940,20,283,25
57995,109,Endzone,57995_000109_Endzone.mp4,45,493,22,278,18
57995,109,Endzone,57995_000109_Endzone.mp4,45,469,23,283,32
57995,109,Endzone,57995_000109_Endzone.mp4,46,918,23,279,21
57995,109,Endzone,57995_000109_Endzone.mp4,46,470,22,284,31
57995,109,Endzone,57995_000109_Endzone.mp4,46,941,22,282,26
57995,109,Endzone,57995_000109_Endzone.mp4,46,493,22,278,18
57995,109,Endzone,57995_000109_Endzone.mp4,47,944,21,283,26
57995,109,Endzone,57995_000109_Endzone.mp4,47,473,22,284,30
57995,109,Endzone,57995_000109_Endzone.mp4,47,493,21,278,17
57995,109,Endzone,57995_000109_Endzone.mp4,47,919,24,277,22
57995,109,Endzone,57995_000109_Endzone.mp4,48,473,22,285,32
57995,109,Endzone,57995_000109_Endzone.mp4,48,494,21,278,17
57995,109,Endzone,57995_000109_Endzone.mp4,48,920,25,276,24
57995,109,Endzone,57995_000109_Endzone.mp4,48,944,23,284,29
57995,109,Endzone,57995_000109_Endzone.mp4,49,474,22,286,32
57995,109,Endzone,57995_000109_Endzone.mp4,49,495,20,278,17
57995,109,Endzone,57995_000109_Endzone.mp4,50,475,22,285,32
57995,109,Endzone,57995_000109_Endzone.mp4,50,496,20,278,17
57995,109,Endzone,57995_000109_Endzone.mp4,51,475,21,285,32
57995,109,Endzone,57995_000109_Endzone.mp4,51,495,20,278,17
57995,109,Endzone,57995_000109_Endzone.mp4,52,475,21,285,30
57995,109,Endzone,57995_000109_Endzone.mp4,52,494,20,278,17
57995,109,Endzone,57995_000109_Endzone.mp4,53,148,26,285,30
57995,109,Endzone,57995_000109_Endzone.mp4,53,171,22,291,23
57995,109,Endzone,57995_000109_Endzone.mp4,53,475,20,285,29
57995,109,Endzone,57995_000109_Endzone.mp4,54,150,23,286,31
57995,109,Endzone,57995_000109_Endzone.mp4,54,169,22,290,23
57995,109,Endzone,57995_000109_Endzone.mp4,55,152,21,286,31
57995,109,Endzone,57995_000109_Endzone.mp4,55,166,22,290,23
57995,109,Endzone,57995_000109_Endzone.mp4,56,152,22,286,31
57995,109,Endzone,57995_000109_Endzone.mp4,56,166,22,289,24
57995,109,Endzone,57995_000109_Endzone.mp4,57,165,22,288,25
57995,109,Endzone,57995_000109_Endzone.mp4,57,152,20,285,31
57995,109,Endzone,57995_000109_Endzone.mp4,57,1085,22,281,28
57995,109,Endzone,57995_000109_Endzone.mp4,57,1063,24,279,23
57995,109,Endzone,57995_000109_Endzone.mp4,58,152,22,284,31
57995,109,Endzone,57995_000109_Endzone.mp4,58,1085,18,281,26
57995,109,Endzone,57995_000109_Endzone.mp4,58,166,22,287,25
57995,109,Endzone,57995_000109_Endzone.mp4,58,1065,23,280,24
57995,109,Endzone,57995_000109_Endzone.mp4,59,1066,24,280,24
57995,109,Endzone,57995_000109_Endzone.mp4,59,163,23,286,26
57995,109,Endzone,57995_000109_Endzone.mp4,59,1087,17,283,25
57995,109,Endzone,57995_000109_Endzone.mp4,59,152,21,284,30
57995,109,Endzone,57995_000109_Endzone.mp4,60,1067,23,279,24
57995,109,Endzone,57995_000109_Endzone.mp4,60,163,24,286,25
57995,109,Endzone,57995_000109_Endzone.mp4,60,151,22,282,30
57995,109,Endzone,57995_000109_Endzone.mp4,60,1088,12,283,22
57995,109,Endzone,57995_000109_Endzone.mp4,61,1066,24,279,23
57995,109,Endzone,57995_000109_Endzone.mp4,61,163,22,286,25
57995,109,Endzone,57995_000109_Endzone.mp4,61,470,19,283,19
57995,109,Endzone,57995_000109_Endzone.mp4,61,151,22,283,30
57995,109,Endzone,57995_000109_Endzone.mp4,61,1088,9,283,20
57995,109,Endzone,57995_000109_Endzone.mp4,61,442,20,282,11
57995,109,Endzone,57995_000109_Endzone.mp4,62,469,20,283,16
57995,109,Endzone,57995_000109_Endzone.mp4,62,1067,25,278,24
57995,109,Endzone,57995_000109_Endzone.mp4,62,444,19,283,10
57995,109,Endzone,57995_000109_Endzone.mp4,62,1089,8,283,18
57995,109,Endzone,57995_000109_Endzone.mp4,63,469,18,284,14
57995,109,Endzone,57995_000109_Endzone.mp4,63,1068,26,278,24
57995,109,Endzone,57995_000109_Endzone.mp4,63,447,19,284,9
57995,109,Endzone,57995_000109_Endzone.mp4,63,1092,5,284,16
57995,109,Endzone,57995_000109_Endzone.mp4,64,470,17,284,13
57995,109,Endzone,57995_000109_Endzone.mp4,64,449,18,284,10
57995,109,Endzone,57995_000109_Endzone.mp4,64,1069,25,278,23
57995,109,Endzone,57995_000109_Endzone.mp4,64,1093,5,283,16
57995,109,Endzone,57995_000109_Endzone.mp4,65,470,16,284,13
57995,109,Endzone,57995_000109_Endzone.mp4,65,450,17,284,11
57995,109,Endzone,57995_000109_Endzone.mp4,65,1070,26,276,24
57995,109,Endzone,57995_000109_Endzone.mp4,65,1095,5,282,16
57995,109,Endzone,57995_000109_Endzone.mp4,66,449,18,283,13
57995,109,Endzone,57995_000109_Endzone.mp4,66,470,17,283,13
57995,109,Endzone,57995_000109_Endzone.mp4,67,449,18,283,14
57995,109,Endzone,57995_000109_Endzone.mp4,67,471,17,282,11
57995,109,Endzone,57995_000109_Endzone.mp4,68,449,19,281,14
57995,109,Endzone,57995_000109_Endzone.mp4,68,471,17,281,13
57995,109,Endzone,57995_000109_Endzone.mp4,69,449,19,279,15
57995,109,Endzone,57995_000109_Endzone.mp4,69,471,17,279,13
57995,109,Endzone,57995_000109_Endzone.mp4,70,448,20,278,15
57995,109,Endzone,57995_000109_Endzone.mp4,70,472,17,279,13
57995,109,Endzone,57995_000109_Endzone.mp4,71,448,21,276,17
57995,109,Endzone,57995_000109_Endzone.mp4,71,471,16,280,12
57995,109,Endzone,57995_000109_Endzone.mp4,79,463,18,265,8
57995,109,Endzone,57995_000109_Endzone.mp4,95,442,22,263,22
57995,109,Endzone,57995_000109_Endzone.mp4,96,443,22,263,22
57995,109,Endzone,57995_000109_Endzone.mp4,97,443,21,263,22
57995,109,Endzone,57995_000109_Endzone.mp4,100,430,13,279,16
57995,109,Endzone,57995_000109_Endzone.mp4,101,430,13,280,16
57995,109,Endzone,57995_000109_Endzone.mp4,102,429,13,281,16
57995,109,Endzone,57995_000109_Endzone.mp4,102,439,23,263,22
57995,109,Endzone,57995_000109_Endzone.mp4,103,429,11,283,14
57995,109,Endzone,57995_000109_Endzone.mp4,103,437,22,265,22
57995,109,Endzone,57995_000109_Endzone.mp4,104,429,11,284,14
57995,109,Endzone,57995_000109_Endzone.mp4,104,434,23,266,23
57995,109,Endzone,57995_000109_Endzone.mp4,105,433,23,267,23
57995,109,Endzone,57995_000109_Endzone.mp4,105,429,10,284,14
57995,109,Endzone,57995_000109_Endzone.mp4,106,432,22,269,22
57995,109,Endzone,57995_000109_Endzone.mp4,106,429,9,284,14
57995,109,Endzone,57995_000109_Endzone.mp4,107,431,23,270,22
57995,109,Endzone,57995_000109_Endzone.mp4,107,429,9,284,14
57995,109,Endzone,57995_000109_Endzone.mp4,108,431,22,270,22
57995,109,Endzone,57995_000109_Endzone.mp4,108,428,10,283,15
57995,109,Endzone,57995_000109_Endzone.mp4,109,431,22,270,22
57995,109,Endzone,57995_000109_Endzone.mp4,109,427,10,283,14
57995,109,Endzone,57995_000109_Endzone.mp4,110,430,22,270,22
57995,109,Endzone,57995_000109_Endzone.mp4,110,426,11,282,15
57995,109,Endzone,57995_000109_Endzone.mp4,111,430,22,270,22
57995,109,Endzone,57995_000109_Endzone.mp4,111,426,11,282,15
57995,109,Endzone,57995_000109_Endzone.mp4,112,431,22,269,21
57995,109,Endzone,57995_000109_Endzone.mp4,112,424,12,282,15
57995,109,Endzone,57995_000109_Endzone.mp4,113,430,23,268,22
57995,109,Endzone,57995_000109_Endzone.mp4,113,425,11,280,14
57995,109,Endzone,57995_000109_Endzone.mp4,114,430,23,268,21
57995,109,Endzone,57995_000109_Endzone.mp4,114,425,11,278,15
57995,109,Endzone,57995_000109_Endzone.mp4,115,429,21,267,21
57995,109,Endzone,57995_000109_Endzone.mp4,115,425,11,276,16
57995,109,Endzone,57995_000109_Endzone.mp4,117,705,18,254,16
57995,109,Endzone,57995_000109_Endzone.mp4,118,705,18,254,15
57995,109,Endzone,57995_000109_Endzone.mp4,119,705,19,252,17
57995,109,Endzone,57995_000109_Endzone.mp4,119,710,18,245,19
57995,109,Endzone,57995_000109_Endzone.mp4,120,706,19,252,16
57995,109,Endzone,57995_000109_Endzone.mp4,120,711,17,246,18
57995,109,Endzone,57995_000109_Endzone.mp4,121,707,18,253,15
57995,109,Endzone,57995_000109_Endzone.mp4,121,712,17,247,18
57995,109,Endzone,57995_000109_Endzone.mp4,122,708,18,253,16
57995,109,Endzone,57995_000109_Endzone.mp4,123,708,19,253,16
57995,109,Endzone,57995_000109_Endzone.mp4,124,709,19,254,15
57995,109,Endzone,57995_000109_Endzone.mp4,124,717,16,248,17
57995,109,Endzone,57995_000109_Endzone.mp4,125,710,19,254,15
57995,109,Endzone,57995_000109_Endzone.mp4,125,717,16,251,16
57995,109,Endzone,57995_000109_Endzone.mp4,126,711,19,254,14
57995,109,Endzone,57995_000109_Endzone.mp4,126,718,16,252,15
57995,109,Endzone,57995_000109_Endzone.mp4,127,712,19,254,15
57995,109,Endzone,57995_000109_Endzone.mp4,128,713,19,254,14
57995,109,Endzone,57995_000109_Endzone.mp4,128,720,14,252,15
57995,109,Endzone,57995_000109_Endzone.mp4,129,714,18,255,14
57995,109,Endzone,57995_000109_Endzone.mp4,129,721,15,252,15
57995,109,Endzone,57995_000109_Endzone.mp4,130,715,18,255,14
57995,109,Endzone,57995_000109_Endzone.mp4,130,723,15,252,15
57995,109,Endzone,57995_000109_Endzone.mp4,131,724,15,251,16
57995,109,Endzone,57995_000109_Endzone.mp4,131,715,18,255,15
57995,109,Endzone,57995_000109_Endzone.mp4,132,724,16,251,17
57995,109,Endzone,57995_000109_Endzone.mp4,132,716,18,255,16
57995,109,Endzone,57995_000109_Endzone.mp4,133,720,17,252,17
57995,109,Endzone,57995_000109_Endzone.mp4,134,721,18,251,18
57995,109,Endzone,57995_000109_Endzone.mp4,135,723,18,250,18
57995,109,Endzone,57995_000109_Endzone.mp4,136,723,19,248,19
57995,109,Endzone,57995_000109_Endzone.mp4,150,480,19,246,13
57995,109,Endzone,57995_000109_Endzone.mp4,151,470,20,242,18
57995,109,Endzone,57995_000109_Endzone.mp4,151,481,18,246,13
57995,109,Endzone,57995_000109_Endzone.mp4,168,512,21,244,16
57995,109,Endzone,57995_000109_Endzone.mp4,171,477,19,287,17
57995,109,Endzone,57995_000109_Endzone.mp4,173,477,18,286,14
57995,109,Endzone,57995_000109_Endzone.mp4,174,478,18,285,16
57995,109,Endzone,57995_000109_Endzone.mp4,176,480,19,283,18
57995,109,Endzone,57995_000109_Endzone.mp4,177,482,19,283,18
57995,109,Endzone,57995_000109_Endzone.mp4,178,483,19,283,18
57995,109,Endzone,57995_000109_Endzone.mp4,179,485,19,283,19
57995,109,Endzone,57995_000109_Endzone.mp4,180,486,18,284,18
57995,109,Endzone,57995_000109_Endzone.mp4,181,488,19,284,18
57995,109,Endzone,57995_000109_Endzone.mp4,182,493,16,285,17
57995,109,Endzone,57995_000109_Endzone.mp4,203,564,15,302,14
57995,109,Endzone,57995_000109_Endzone.mp4,353,348,18,298,19
57995,109,Endzone,57995_000109_Endzone.mp4,371,323,18,303,21
57995,109,Endzone,57995_000109_Endzone.mp4,372,323,17,302,20
57995,109,Endzone,57995_000109_Endzone.mp4,373,323,17,301,21
57995,109,Endzone,57995_000109_Endzone.mp4,374,323,15,298,12
57995,109,Endzone,57995_000109_Endzone.mp4,374,321,17,302,21
57995,109,Endzone,57995_000109_Endzone.mp4,375,323,14,298,12
57995,109,Endzone,57995_000109_Endzone.mp4,375,320,17,305,21
57995,109,Endzone,57995_000109_Endzone.mp4,376,321,15,297,12
57995,109,Endzone,57995_000109_Endzone.mp4,376,320,17,306,19
57995,109,Endzone,57995_000109_Endzone.mp4,377,319,16,297,15
57995,109,Endzone,57995_000109_Endzone.mp4,378,319,16,297,15
57995,109,Endzone,57995_000109_Endzone.mp4,379,318,17,296,17
57995,109,Endzone,57995_000109_Endzone.mp4,380,318,18,296,19
57995,109,Endzone,57995_000109_Endzone.mp4,381,318,18,296,18
57995,109,Endzone,57995_000109_Endzone.mp4,388,317,18,297,16
57995,109,Endzone,57995_000109_Endzone.mp4,389,316,18,298,16
57995,109,Endzone,57995_000109_Endzone.mp4,390,315,18,299,16
57995,109,Endzone,57995_000109_Endzone.mp4,392,316,16,301,16
57995,109,Endzone,57995_000109_Endzone.mp4,393,316,16,303,16
57995,109,Endzone,57995_000109_Endzone.mp4,394,317,15,303,14
57995,109,Endzone,57995_000109_Endzone.mp4,395,318,15,302,13
57995,109,Endzone,57995_000109_Endzone.mp4,396,318,15,303,13
57995,109,Endzone,57995_000109_Endzone.mp4,397,318,16,302,13
57995,109,Endzone,57995_000109_Endzone.mp4,398,318,16,302,13
57995,109,Endzone,57995_000109_Endzone.mp4,399,319,16,302,13
57995,109,Endzone,57995_000109_Endzone.mp4,400,319,17,302,13
57995,109,Endzone,57995_000109_Endzone.mp4,401,320,17,302,13
57995,109,Endzone,57995_000109_Endzone.mp4,402,321,17,303,12
57995,109,Endzone,57995_000109_Endzone.mp4,403,321,18,302,13
57995,109,Endzone,57995_000109_Endzone.mp4,404,326,16,302,13
57995,109,Endzone,57995_000109_Endzone.mp4,405,327,17,302,14
57995,109,Endzone,57995_000109_Endzone.mp4,406,326,18,303,14
57995,109,Endzone,57995_000109_Endzone.mp4,407,330,18,300,18
57995,109,Endzone,57995_000109_Endzone.mp4,408,332,17,299,16
58102,2798,Sideline,58102_002798_Sideline.mp4,32,445,18,460,24
58102,2798,Sideline,58102_002798_Sideline.mp4,33,443,19,457,23
58102,2798,Sideline,58102_002798_Sideline.mp4,33,414,22,455,24
58102,2798,Sideline,58102_002798_Sideline.mp4,34,441,19,456,22
58102,2798,Sideline,58102_002798_Sideline.mp4,34,416,22,455,24
58102,2798,Sideline,58102_002798_Sideline.mp4,35,440,17,454,21
58102,2798,Sideline,58102_002798_Sideline.mp4,35,418,22,455,24
58102,2798,Sideline,58102_002798_Sideline.mp4,36,441,18,452,23
58102,2798,Sideline,58102_002798_Sideline.mp4,36,421,22,454,24
58102,2798,Sideline,58102_002798_Sideline.mp4,37,441,16,453,20
58102,2798,Sideline,58102_002798_Sideline.mp4,37,424,21,454,24
58102,2798,Sideline,58102_002798_Sideline.mp4,38,425,21,454,23
58102,2798,Sideline,58102_002798_Sideline.mp4,38,442,12,454,16
58102,2798,Sideline,58102_002798_Sideline.mp4,39,427,21,455,23
58102,2798,Sideline,58102_002798_Sideline.mp4,40,429,21,457,24
58102,2798,Sideline,58102_002798_Sideline.mp4,41,431,20,458,22
58102,2798,Sideline,58102_002798_Sideline.mp4,45,391,20,338,23
58102,2798,Sideline,58102_002798_Sideline.mp4,45,420,17,340,15
58102,2798,Sideline,58102_002798_Sideline.mp4,46,392,19,338,23
58102,2798,Sideline,58102_002798_Sideline.mp4,46,416,17,341,19
58102,2798,Sideline,58102_002798_Sideline.mp4,47,394,19,339,23
58102,2798,Sideline,58102_002798_Sideline.mp4,47,414,17,340,20
58102,2798,Sideline,58102_002798_Sideline.mp4,48,396,18,339,23
58102,2798,Sideline,58102_002798_Sideline.mp4,48,414,16,340,20
58102,2798,Sideline,58102_002798_Sideline.mp4,49,395,18,338,21
58102,2798,Sideline,58102_002798_Sideline.mp4,49,413,16,339,21
58102,2798,Sideline,58102_002798_Sideline.mp4,49,409,18,402,16
58102,2798,Sideline,58102_002798_Sideline.mp4,49,382,21,393,25
58102,2798,Sideline,58102_002798_Sideline.mp4,50,392,20,336,21
58102,2798,Sideline,58102_002798_Sideline.mp4,50,406,16,402,14
58102,2798,Sideline,58102_002798_Sideline.mp4,50,412,16,341,19
58102,2798,Sideline,58102_002798_Sideline.mp4,50,383,20,394,25
58102,2798,Sideline,58102_002798_Sideline.mp4,51,390,19,336,21
58102,2798,Sideline,58102_002798_Sideline.mp4,51,403,17,402,15
58102,2798,Sideline,58102_002798_Sideline.mp4,51,382,20,395,25
58102,2798,Sideline,58102_002798_Sideline.mp4,51,409,17,340,19
58102,2798,Sideline,58102_002798_Sideline.mp4,52,381,19,395,25
58102,2798,Sideline,58102_002798_Sideline.mp4,52,398,17,401,15
58102,2798,Sideline,58102_002798_Sideline.mp4,52,388,19,335,21
58102,2798,Sideline,58102_002798_Sideline.mp4,52,407,18,338,20
58102,2798,Sideline,58102_002798_Sideline.mp4,53,396,17,402,15
58102,2798,Sideline,58102_002798_Sideline.mp4,53,379,18,395,26
58102,2798,Sideline,58102_002798_Sideline.mp4,53,386,19,335,22
58102,2798,Sideline,58102_002798_Sideline.mp4,53,406,18,337,20
58102,2798,Sideline,58102_002798_Sideline.mp4,54,376,20,393,26
58102,2798,Sideline,58102_002798_Sideline.mp4,54,394,17,401,16
58102,2798,Sideline,58102_002798_Sideline.mp4,55,373,20,392,24
58102,2798,Sideline,58102_002798_Sideline.mp4,55,392,17,400,16
58102,2798,Sideline,58102_002798_Sideline.mp4,56,390,18,399,16
58102,2798,Sideline,58102_002798_Sideline.mp4,56,369,20,391,22
58102,2798,Sideline,58102_002798_Sideline.mp4,57,387,18,399,17
58102,2798,Sideline,58102_002798_Sideline.mp4,57,367,19,390,21
58102,2798,Sideline,58102_002798_Sideline.mp4,58,384,18,398,17
58102,2798,Sideline,58102_002798_Sideline.mp4,58,365,19,390,22
58102,2798,Sideline,58102_002798_Sideline.mp4,59,383,17,399,17
58102,2798,Sideline,58102_002798_Sideline.mp4,59,364,18,390,23
58102,2798,Sideline,58102_002798_Sideline.mp4,60,381,16,401,17
58102,2798,Sideline,58102_002798_Sideline.mp4,61,378,17,400,16
58102,2798,Sideline,58102_002798_Sideline.mp4,62,375,17,400,16
58102,2798,Sideline,58102_002798_Sideline.mp4,63,375,16,400,15
58102,2798,Sideline,58102_002798_Sideline.mp4,98,504,13,258,16
58102,2798,Sideline,58102_002798_Sideline.mp4,99,499,13,259,14
58102,2798,Sideline,58102_002798_Sideline.mp4,99,486,17,247,17
58102,2798,Sideline,58102_002798_Sideline.mp4,100,495,13,259,14
58102,2798,Sideline,58102_002798_Sideline.mp4,100,486,17,247,16
58102,2798,Sideline,58102_002798_Sideline.mp4,101,486,17,247,16
58102,2798,Sideline,58102_002798_Sideline.mp4,101,491,14,259,13
58102,2798,Sideline,58102_002798_Sideline.mp4,102,487,17,247,14
58102,2798,Sideline,58102_002798_Sideline.mp4,102,488,14,259,14
58102,2798,Sideline,58102_002798_Sideline.mp4,103,486,17,247,13
58102,2798,Sideline,58102_002798_Sideline.mp4,103,485,15,259,14
58102,2798,Sideline,58102_002798_Sideline.mp4,104,486,17,247,12
58102,2798,Sideline,58102_002798_Sideline.mp4,104,485,15,258,16
58102,2798,Sideline,58102_002798_Sideline.mp4,105,484,17,247,12
58102,2798,Sideline,58102_002798_Sideline.mp4,105,484,14,259,15
58102,2798,Sideline,58102_002798_Sideline.mp4,106,481,16,247,14
58102,2798,Sideline,58102_002798_Sideline.mp4,106,484,13,260,16
58102,2798,Sideline,58102_002798_Sideline.mp4,107,479,16,247,14
58102,2798,Sideline,58102_002798_Sideline.mp4,107,484,12,261,16
58102,2798,Sideline,58102_002798_Sideline.mp4,108,485,12,261,16
58102,2798,Sideline,58102_002798_Sideline.mp4,108,476,17,246,17
58102,2798,Sideline,58102_002798_Sideline.mp4,119,262,17,367,20
58102,2798,Sideline,58102_002798_Sideline.mp4,120,261,15,367,18
58102,2798,Sideline,58102_002798_Sideline.mp4,123,233,14,400,18
58102,2798,Sideline,58102_002798_Sideline.mp4,124,233,14,399,17
58102,2798,Sideline,58102_002798_Sideline.mp4,125,234,14,398,18
58102,2798,Sideline,58102_002798_Sideline.mp4,129,489,15,325,20
58102,2798,Sideline,58102_002798_Sideline.mp4,130,490,15,325,19
58102,2798,Sideline,58102_002798_Sideline.mp4,130,592,16,373,20
58102,2798,Sideline,58102_002798_Sideline.mp4,130,612,15,382,15
58102,2798,Sideline,58102_002798_Sideline.mp4,131,491,16,325,19
58102,2798,Sideline,58102_002798_Sideline.mp4,131,592,16,372,20
58102,2798,Sideline,58102_002798_Sideline.mp4,131,511,13,330,13
58102,2798,Sideline,58102_002798_Sideline.mp4,131,610,14,379,16
58102,2798,Sideline,58102_002798_Sideline.mp4,132,495,15,324,19
58102,2798,Sideline,58102_002798_Sideline.mp4,132,593,16,371,20
58102,2798,Sideline,58102_002798_Sideline.mp4,132,510,13,329,14
58102,2798,Sideline,58102_002798_Sideline.mp4,132,608,14,378,15
58102,2798,Sideline,58102_002798_Sideline.mp4,133,594,16,371,20
58102,2798,Sideline,58102_002798_Sideline.mp4,133,496,15,323,18
58102,2798,Sideline,58102_002798_Sideline.mp4,133,508,14,329,14
58102,2798,Sideline,58102_002798_Sideline.mp4,133,606,14,378,15
58102,2798,Sideline,58102_002798_Sideline.mp4,134,594,15,370,19
58102,2798,Sideline,58102_002798_Sideline.mp4,134,507,13,328,13
58102,2798,Sideline,58102_002798_Sideline.mp4,134,500,13,322,17
58102,2798,Sideline,58102_002798_Sideline.mp4,134,605,14,378,14
58102,2798,Sideline,58102_002798_Sideline.mp4,135,594,15,370,19
58102,2798,Sideline,58102_002798_Sideline.mp4,135,507,13,328,13
58102,2798,Sideline,58102_002798_Sideline.mp4,135,604,13,379,13
58102,2798,Sideline,58102_002798_Sideline.mp4,135,502,12,322,15
58102,2798,Sideline,58102_002798_Sideline.mp4,136,594,15,369,19
58102,2798,Sideline,58102_002798_Sideline.mp4,136,508,13,328,12
58102,2798,Sideline,58102_002798_Sideline.mp4,136,604,14,378,13
58102,2798,Sideline,58102_002798_Sideline.mp4,136,504,13,321,14
58102,2798,Sideline,58102_002798_Sideline.mp4,137,593,15,368,19
58102,2798,Sideline,58102_002798_Sideline.mp4,137,603,13,378,13
58102,2798,Sideline,58102_002798_Sideline.mp4,137,508,13,328,11
58102,2798,Sideline,58102_002798_Sideline.mp4,137,506,13,319,13
58102,2798,Sideline,58102_002798_Sideline.mp4,138,592,15,368,19
58102,2798,Sideline,58102_002798_Sideline.mp4,138,509,13,328,11
58102,2798,Sideline,58102_002798_Sideline.mp4,138,604,13,378,12
58102,2798,Sideline,58102_002798_Sideline.mp4,138,506,14,319,13
58102,2798,Sideline,58102_002798_Sideline.mp4,139,591,16,367,19
58102,2798,Sideline,58102_002798_Sideline.mp4,139,507,14,316,13
58102,2798,Sideline,58102_002798_Sideline.mp4,139,509,14,328,12
58102,2798,Sideline,58102_002798_Sideline.mp4,139,603,13,377,12
58102,2798,Sideline,58102_002798_Sideline.mp4,140,589,16,367,19
58102,2798,Sideline,58102_002798_Sideline.mp4,140,507,15,315,14
58102,2798,Sideline,58102_002798_Sideline.mp4,140,603,13,376,13
58102,2798,Sideline,58102_002798_Sideline.mp4,140,510,14,327,12
58102,2798,Sideline,58102_002798_Sideline.mp4,141,586,16,367,19
58102,2798,Sideline,58102_002798_Sideline.mp4,141,602,13,377,13
58102,2798,Sideline,58102_002798_Sideline.mp4,141,507,15,314,14
58102,2798,Sideline,58102_002798_Sideline.mp4,141,511,13,327,12
58102,2798,Sideline,58102_002798_Sideline.mp4,142,584,17,367,19
58102,2798,Sideline,58102_002798_Sideline.mp4,142,601,14,376,13
58102,2798,Sideline,58102_002798_Sideline.mp4,143,584,16,367,19
58102,2798,Sideline,58102_002798_Sideline.mp4,143,600,15,375,14
58102,2798,Sideline,58102_002798_Sideline.mp4,144,581,17,367,20
58102,2798,Sideline,58102_002798_Sideline.mp4,144,600,15,373,14
58102,2798,Sideline,58102_002798_Sideline.mp4,145,579,18,367,19
58102,2798,Sideline,58102_002798_Sideline.mp4,145,599,15,372,15
58102,2798,Sideline,58102_002798_Sideline.mp4,146,577,18,366,19
58102,2798,Sideline,58102_002798_Sideline.mp4,146,599,16,371,14
58102,2798,Sideline,58102_002798_Sideline.mp4,147,577,17,366,18
58102,2798,Sideline,58102_002798_Sideline.mp4,148,270,14,377,17
58102,2798,Sideline,58102_002798_Sideline.mp4,149,272,13,376,18
58102,2798,Sideline,58102_002798_Sideline.mp4,150,275,13,374,19
58102,2798,Sideline,58102_002798_Sideline.mp4,151,278,13,374,19
58102,2798,Sideline,58102_002798_Sideline.mp4,152,280,14,374,18
58102,2798,Sideline,58102_002798_Sideline.mp4,152,290,12,385,12
58102,2798,Sideline,58102_002798_Sideline.mp4,153,282,14,372,16
58102,2798,Sideline,58102_002798_Sideline.mp4,153,291,12,384,11
58102,2798,Sideline,58102_002798_Sideline.mp4,154,284,15,372,15
58102,2798,Sideline,58102_002798_Sideline.mp4,154,292,12,383,11
58102,2798,Sideline,58102_002798_Sideline.mp4,155,288,15,372,15
58102,2798,Sideline,58102_002798_Sideline.mp4,155,294,12,383,11
58102,2798,Sideline,58102_002798_Sideline.mp4,156,290,16,373,14
58102,2798,Sideline,58102_002798_Sideline.mp4,156,295,13,381,10
58102,2798,Sideline,58102_002798_Sideline.mp4,157,293,15,374,14
58102,2798,Sideline,58102_002798_Sideline.mp4,157,298,13,382,11
58102,2798,Sideline,58102_002798_Sideline.mp4,158,295,15,374,15
58102,2798,Sideline,58102_002798_Sideline.mp4,158,299,13,380,12
58102,2798,Sideline,58102_002798_Sideline.mp4,159,298,14,375,14
58102,2798,Sideline,58102_002798_Sideline.mp4,159,302,12,380,11
58102,2798,Sideline,58102_002798_Sideline.mp4,160,300,15,375,13
58102,2798,Sideline,58102_002798_Sideline.mp4,160,303,13,379,11
58102,2798,Sideline,58102_002798_Sideline.mp4,161,301,15,374,13
58102,2798,Sideline,58102_002798_Sideline.mp4,161,306,12,378,11
58102,2798,Sideline,58102_002798_Sideline.mp4,162,303,15,373,12
58102,2798,Sideline,58102_002798_Sideline.mp4,162,310,11,376,11
58102,2798,Sideline,58102_002798_Sideline.mp4,163,306,14,373,12
58102,2798,Sideline,58102_002798_Sideline.mp4,163,314,13,377,12
58102,2798,Sideline,58102_002798_Sideline.mp4,164,309,14,372,13
58102,2798,Sideline,58102_002798_Sideline.mp4,164,317,13,376,12
58102,2798,Sideline,58102_002798_Sideline.mp4,165,312,14,371,14
58102,2798,Sideline,58102_002798_Sideline.mp4,165,321,13,374,13
58102,2798,Sideline,58102_002798_Sideline.mp4,224,535,14,372,16
58102,2798,Sideline,58102_002798_Sideline.mp4,225,538,13,372,15
58102,2798,Sideline,58102_002798_Sideline.mp4,226,541,14,373,16
58102,2798,Sideline,58102_002798_Sideline.mp4,227,545,14,374,14
58102,2798,Sideline,58102_002798_Sideline.mp4,228,548,14,374,15
58102,2798,Sideline,58102_002798_Sideline.mp4,229,552,14,375,16
58102,2798,Sideline,58102_002798_Sideline.mp4,230,555,14,377,15
58102,2798,Sideline,58102_002798_Sideline.mp4,231,557,14,377,15
58102,2798,Sideline,58102_002798_Sideline.mp4,256,625,15,390,17
58102,2798,Sideline,58102_002798_Sideline.mp4,256,651,13,383,18
58102,2798,Sideline,58102_002798_Sideline.mp4,257,629,14,391,17
58102,2798,Sideline,58102_002798_Sideline.mp4,257,650,15,386,19
58102,2798,Sideline,58102_002798_Sideline.mp4,258,630,16,393,18
58102,2798,Sideline,58102_002798_Sideline.mp4,258,648,16,388,18
58102,2798,Sideline,58102_002798_Sideline.mp4,259,635,14,395,15
58102,2798,Sideline,58102_002798_Sideline.mp4,259,648,14,391,17
58102,2798,Sideline,58102_002798_Sideline.mp4,260,649,15,392,17
58102,2798,Sideline,58102_002798_Sideline.mp4,260,634,16,397,17
58102,2798,Sideline,58102_002798_Sideline.mp4,261,650,15,394,19
58102,2798,Sideline,58102_002798_Sideline.mp4,261,639,14,399,17
58102,2798,Sideline,58102_002798_Sideline.mp4,262,641,15,403,16
58102,2798,Sideline,58102_002798_Sideline.mp4,262,652,15,395,19
58102,2798,Sideline,58102_002798_Sideline.mp4,263,642,14,404,16
58102,2798,Sideline,58102_002798_Sideline.mp4,264,643,13,405,15
58102,2798,Sideline,58102_002798_Sideline.mp4,265,656,15,402,17
58102,2798,Sideline,58102_002798_Sideline.mp4,265,631,14,403,15
58102,2798,Sideline,58102_002798_Sideline.mp4,266,642,14,408,16
58102,2798,Sideline,58102_002798_Sideline.mp4,266,656,14,403,16
58102,2798,Sideline,58102_002798_Sideline.mp4,267,657,13,406,15
58102,2798,Sideline,58102_002798_Sideline.mp4,267,641,14,409,16
58102,2798,Sideline,58102_002798_Sideline.mp4,268,658,13,409,15
58102,2798,Sideline,58102_002798_Sideline.mp4,269,658,13,411,15
58102,2798,Sideline,58102_002798_Sideline.mp4,270,660,13,412,15
58102,2798,Sideline,58102_002798_Sideline.mp4,270,672,14,424,18
58102,2798,Sideline,58102_002798_Sideline.mp4,271,661,13,415,14
58102,2798,Sideline,58102_002798_Sideline.mp4,271,649,12,409,13
58102,2798,Sideline,58102_002798_Sideline.mp4,272,661,13,416,14
58102,2798,Sideline,58102_002798_Sideline.mp4,273,660,13,419,14
58102,2798,Sideline,58102_002798_Sideline.mp4,275,637,13,415,17
58102,2798,Sideline,58102_002798_Sideline.mp4,276,637,12,418,16
58102,2798,Sideline,58102_002798_Sideline.mp4,277,637,13,418,17
58102,2798,Sideline,58102_002798_Sideline.mp4,278,638,12,421,16
58102,2798,Sideline,58102_002798_Sideline.mp4,284,642,13,429,14
58102,2798,Sideline,58102_002798_Sideline.mp4,287,693,14,427,17
58102,2798,Sideline,58102_002798_Sideline.mp4,298,653,13,468,10
58102,2798,Sideline,58102_002798_Sideline.mp4,299,654,12,470,12
58102,2798,Sideline,58102_002798_Sideline.mp4,300,657,12,473,11
58102,2798,Sideline,58102_002798_Sideline.mp4,301,657,12,475,11
58102,2798,Sideline,58102_002798_Sideline.mp4,302,659,12,474,11
58102,2798,Sideline,58102_002798_Sideline.mp4,303,660,12,474,11
58102,2798,Sideline,58102_002798_Sideline.mp4,304,660,13,473,11
58102,2798,Sideline,58102_002798_Sideline.mp4,305,661,13,473,11
58102,2798,Sideline,58102_002798_Sideline.mp4,306,662,12,473,11
58102,2798,Sideline,58102_002798_Sideline.mp4,307,662,12,473,10
58102,2798,Sideline,58102_002798_Sideline.mp4,308,663,12,473,11
58102,2798,Sideline,58102_002798_Sideline.mp4,309,663,12,474,10
58102,2798,Sideline,58102_002798_Sideline.mp4,310,664,12,474,10
58102,2798,Sideline,58102_002798_Sideline.mp4,311,664,12,474,10
58102,2798,Sideline,58102_002798_Sideline.mp4,312,664,12,474,10
58102,2798,Sideline,58102_002798_Sideline.mp4,347,647,18,482,17
58102,2798,Sideline,58102_002798_Sideline.mp4,348,646,18,481,17
58102,2798,Sideline,58102_002798_Sideline.mp4,350,645,19,481,18
58102,2798,Sideline,58102_002798_Sideline.mp4,351,643,19,481,18
58102,2798,Sideline,58102_002798_Sideline.mp4,352,643,19,481,17
58102,2798,Sideline,58102_002798_Sideline.mp4,353,642,18,482,17
58102,2798,Sideline,58102_002798_Sideline.mp4,354,641,19,482,17
58102,2798,Sideline,58102_002798_Sideline.mp4,355,640,19,482,18
58102,2798,Sideline,58102_002798_Sideline.mp4,356,639,18,482,17
58102,2798,Sideline,58102_002798_Sideline.mp4,357,637,19,482,17
58102,2798,Sideline,58102_002798_Sideline.mp4,358,636,19,482,17
58102,2798,Sideline,58102_002798_Sideline.mp4,359,635,19,482,17
58102,2798,Sideline,58102_002798_Sideline.mp4,360,634,20,482,17
58102,2798,Sideline,58102_002798_Sideline.mp4,361,633,21,481,18
58102,2798,Sideline,58102_002798_Sideline.mp4,362,632,21,481,18
58102,2798,Sideline,58102_002798_Sideline.mp4,363,632,21,481,18
58102,2798,Sideline,58102_002798_Sideline.mp4,364,632,21,481,18
58102,2798,Sideline,58102_002798_Sideline.mp4,365,631,22,481,18
58102,2798,Sideline,58102_002798_Sideline.mp4,366,629,23,481,18
57995,109,Sideline,57995_000109_Sideline.mp4,20,500,12,323,15
57995,109,Sideline,57995_000109_Sideline.mp4,21,500,12,323,14
57995,109,Sideline,57995_000109_Sideline.mp4,22,499,12,323,14
57995,109,Sideline,57995_000109_Sideline.mp4,23,499,12,322,14
57995,109,Sideline,57995_000109_Sideline.mp4,24,499,13,322,15
57995,109,Sideline,57995_000109_Sideline.mp4,24,520,13,330,13
57995,109,Sideline,57995_000109_Sideline.mp4,25,500,12,322,15
57995,109,Sideline,57995_000109_Sideline.mp4,25,519,13,328,12
57995,109,Sideline,57995_000109_Sideline.mp4,26,500,12,322,15
57995,109,Sideline,57995_000109_Sideline.mp4,26,519,12,327,12
57995,109,Sideline,57995_000109_Sideline.mp4,27,500,12,322,15
57995,109,Sideline,57995_000109_Sideline.mp4,27,518,12,326,12
57995,109,Sideline,57995_000109_Sideline.mp4,28,500,12,322,14
57995,109,Sideline,57995_000109_Sideline.mp4,28,517,12,325,12
57995,109,Sideline,57995_000109_Sideline.mp4,29,500,12,323,14
57995,109,Sideline,57995_000109_Sideline.mp4,29,516,12,323,12
57995,109,Sideline,57995_000109_Sideline.mp4,30,501,11,323,14
57995,109,Sideline,57995_000109_Sideline.mp4,30,515,12,323,12
57995,109,Sideline,57995_000109_Sideline.mp4,31,501,12,324,14
57995,109,Sideline,57995_000109_Sideline.mp4,31,514,13,322,12
57995,109,Sideline,57995_000109_Sideline.mp4,32,501,11,325,14
57995,109,Sideline,57995_000109_Sideline.mp4,32,513,13,322,11
57995,109,Sideline,57995_000109_Sideline.mp4,33,501,11,325,13
57995,109,Sideline,57995_000109_Sideline.mp4,33,512,13,322,10
57995,109,Sideline,57995_000109_Sideline.mp4,34,510,13,322,11
57995,109,Sideline,57995_000109_Sideline.mp4,34,501,11,326,13
57995,109,Sideline,57995_000109_Sideline.mp4,35,510,13,322,11
57995,109,Sideline,57995_000109_Sideline.mp4,35,500,11,326,12
57995,109,Sideline,57995_000109_Sideline.mp4,36,509,12,321,11
57995,109,Sideline,57995_000109_Sideline.mp4,36,500,11,326,13
57995,109,Sideline,57995_000109_Sideline.mp4,37,500,11,326,13
57995,109,Sideline,57995_000109_Sideline.mp4,37,510,11,323,10
57995,109,Sideline,57995_000109_Sideline.mp4,38,501,11,326,13
57995,109,Sideline,57995_000109_Sideline.mp4,38,508,11,321,10
57995,109,Sideline,57995_000109_Sideline.mp4,39,493,15,380,14
57995,109,Sideline,57995_000109_Sideline.mp4,39,479,14,376,17
57995,109,Sideline,57995_000109_Sideline.mp4,40,492,14,381,14
57995,109,Sideline,57995_000109_Sideline.mp4,40,480,14,376,17
57995,109,Sideline,57995_000109_Sideline.mp4,41,481,12,377,16
57995,109,Sideline,57995_000109_Sideline.mp4,41,490,13,381,15
57995,109,Sideline,57995_000109_Sideline.mp4,42,482,12,376,16
57995,109,Sideline,57995_000109_Sideline.mp4,42,490,13,382,15
57995,109,Sideline,57995_000109_Sideline.mp4,43,483,11,376,14
57995,109,Sideline,57995_000109_Sideline.mp4,43,489,13,382,15
57995,109,Sideline,57995_000109_Sideline.mp4,43,509,8,286,14
57995,109,Sideline,57995_000109_Sideline.mp4,44,483,12,375,13
57995,109,Sideline,57995_000109_Sideline.mp4,44,488,13,383,15
57995,109,Sideline,57995_000109_Sideline.mp4,44,511,8,286,14
57995,109,Sideline,57995_000109_Sideline.mp4,45,487,13,383,15
57995,109,Sideline,57995_000109_Sideline.mp4,45,484,13,374,12
57995,109,Sideline,57995_000109_Sideline.mp4,45,513,9,287,14
57995,109,Sideline,57995_000109_Sideline.mp4,46,514,9,287,14
57995,109,Sideline,57995_000109_Sideline.mp4,46,486,13,383,15
57995,109,Sideline,57995_000109_Sideline.mp4,46,484,13,375,10
57995,109,Sideline,57995_000109_Sideline.mp4,47,515,10,288,14
57995,109,Sideline,57995_000109_Sideline.mp4,47,484,13,383,14
57995,109,Sideline,57995_000109_Sideline.mp4,47,485,13,375,9
57995,109,Sideline,57995_000109_Sideline.mp4,48,516,9,288,13
57995,109,Sideline,57995_000109_Sideline.mp4,49,517,10,288,14
57995,109,Sideline,57995_000109_Sideline.mp4,50,518,9,288,14
57995,109,Sideline,57995_000109_Sideline.mp4,50,512,7,287,7
57995,109,Sideline,57995_000109_Sideline.mp4,51,486,13,221,11
57995,109,Sideline,57995_000109_Sideline.mp4,51,500,15,216,17
57995,109,Sideline,57995_000109_Sideline.mp4,52,498,14,217,16
57995,109,Sideline,57995_000109_Sideline.mp4,52,486,12,220,10
57995,109,Sideline,57995_000109_Sideline.mp4,53,497,15,217,17
57995,109,Sideline,57995_000109_Sideline.mp4,53,485,12,220,11
57995,109,Sideline,57995_000109_Sideline.mp4,54,496,15,217,17
57995,109,Sideline,57995_000109_Sideline.mp4,54,485,11,220,10
57995,109,Sideline,57995_000109_Sideline.mp4,55,495,14,217,16
57995,109,Sideline,57995_000109_Sideline.mp4,55,483,12,219,10
57995,109,Sideline,57995_000109_Sideline.mp4,55,481,15,417,11
57995,109,Sideline,57995_000109_Sideline.mp4,55,461,16,409,19
57995,109,Sideline,57995_000109_Sideline.mp4,56,494,15,216,17
57995,109,Sideline,57995_000109_Sideline.mp4,56,482,12,217,10
57995,109,Sideline,57995_000109_Sideline.mp4,56,461,16,410,18
57995,109,Sideline,57995_000109_Sideline.mp4,56,480,14,417,12
57995,109,Sideline,57995_000109_Sideline.mp4,57,493,15,215,17
57995,109,Sideline,57995_000109_Sideline.mp4,57,461,15,410,18
57995,109,Sideline,57995_000109_Sideline.mp4,57,480,14,417,11
57995,109,Sideline,57995_000109_Sideline.mp4,57,480,12,216,10
57995,109,Sideline,57995_000109_Sideline.mp4,58,460,14,411,16
57995,109,Sideline,57995_000109_Sideline.mp4,58,492,15,215,17
57995,109,Sideline,57995_000109_Sideline.mp4,58,478,12,215,10
57995,109,Sideline,57995_000109_Sideline.mp4,58,477,13,417,11
57995,109,Sideline,57995_000109_Sideline.mp4,59,460,13,411,15
57995,109,Sideline,57995_000109_Sideline.mp4,59,476,12,417,10
57995,109,Sideline,57995_000109_Sideline.mp4,59,491,15,214,17
57995,109,Sideline,57995_000109_Sideline.mp4,59,477,12,215,10
57995,109,Sideline,57995_000109_Sideline.mp4,60,459,13,412,15
57995,109,Sideline,57995_000109_Sideline.mp4,60,475,11,418,10
57995,109,Sideline,57995_000109_Sideline.mp4,61,459,12,412,14
57995,109,Sideline,57995_000109_Sideline.mp4,61,472,11,417,10
57995,109,Sideline,57995_000109_Sideline.mp4,62,457,12,412,13
57995,109,Sideline,57995_000109_Sideline.mp4,62,472,11,417,10
57995,109,Sideline,57995_000109_Sideline.mp4,63,470,11,418,10
57995,109,Sideline,57995_000109_Sideline.mp4,63,456,12,412,14
57995,109,Sideline,57995_000109_Sideline.mp4,64,456,12,412,14
57995,109,Sideline,57995_000109_Sideline.mp4,64,470,12,417,11
57995,109,Sideline,57995_000109_Sideline.mp4,65,469,12,418,11
57995,109,Sideline,57995_000109_Sideline.mp4,65,455,12,412,13
57995,109,Sideline,57995_000109_Sideline.mp4,66,468,12,418,11
57995,109,Sideline,57995_000109_Sideline.mp4,66,455,12,412,14
57995,109,Sideline,57995_000109_Sideline.mp4,101,506,12,270,10
57995,109,Sideline,57995_000109_Sideline.mp4,102,507,12,270,9
57995,109,Sideline,57995_000109_Sideline.mp4,103,508,12,271,9
57995,109,Sideline,57995_000109_Sideline.mp4,104,509,12,271,9
57995,109,Sideline,57995_000109_Sideline.mp4,105,509,12,271,9
57995,109,Sideline,57995_000109_Sideline.mp4,106,509,12,271,10
57995,109,Sideline,57995_000109_Sideline.mp4,107,510,11,271,9
57995,109,Sideline,57995_000109_Sideline.mp4,108,510,12,271,10
57995,109,Sideline,57995_000109_Sideline.mp4,109,511,11,271,10
57995,109,Sideline,57995_000109_Sideline.mp4,109,523,8,277,6
57995,109,Sideline,57995_000109_Sideline.mp4,110,512,12,271,10
57995,109,Sideline,57995_000109_Sideline.mp4,110,524,8,276,7
57995,109,Sideline,57995_000109_Sideline.mp4,111,513,11,271,9
57995,109,Sideline,57995_000109_Sideline.mp4,111,525,8,276,7
57995,109,Sideline,57995_000109_Sideline.mp4,112,515,11,270,9
57995,109,Sideline,57995_000109_Sideline.mp4,112,526,9,275,7
57995,109,Sideline,57995_000109_Sideline.mp4,113,515,11,269,10
57995,109,Sideline,57995_000109_Sideline.mp4,113,528,9,275,8
57995,109,Sideline,57995_000109_Sideline.mp4,114,516,11,269,10
57995,109,Sideline,57995_000109_Sideline.mp4,114,529,9,274,7
57995,109,Sideline,57995_000109_Sideline.mp4,115,529,11,273,8
57995,109,Sideline,57995_000109_Sideline.mp4,116,531,11,272,9
57995,109,Sideline,57995_000109_Sideline.mp4,117,532,11,272,9
57995,109,Sideline,57995_000109_Sideline.mp4,118,535,11,272,10
57995,109,Sideline,57995_000109_Sideline.mp4,119,537,11,271,10
57995,109,Sideline,57995_000109_Sideline.mp4,123,591,12,344,12
57995,109,Sideline,57995_000109_Sideline.mp4,124,590,12,344,12
57995,109,Sideline,57995_000109_Sideline.mp4,124,569,13,342,11
57995,109,Sideline,57995_000109_Sideline.mp4,125,587,12,344,12
57995,109,Sideline,57995_000109_Sideline.mp4,125,571,12,342,11
57995,109,Sideline,57995_000109_Sideline.mp4,126,587,12,344,12
57995,109,Sideline,57995_000109_Sideline.mp4,126,572,12,342,11
57995,109,Sideline,57995_000109_Sideline.mp4,127,587,12,344,12
57995,109,Sideline,57995_000109_Sideline.mp4,127,573,12,342,11
57995,109,Sideline,57995_000109_Sideline.mp4,128,587,12,343,12
57995,109,Sideline,57995_000109_Sideline.mp4,128,573,12,340,12
57995,109,Sideline,57995_000109_Sideline.mp4,129,588,12,343,12
57995,109,Sideline,57995_000109_Sideline.mp4,129,573,12,340,12
57995,109,Sideline,57995_000109_Sideline.mp4,130,588,13,342,13
57995,109,Sideline,57995_000109_Sideline.mp4,130,573,12,340,11
57995,109,Sideline,57995_000109_Sideline.mp4,131,589,13,342,13
57995,109,Sideline,57995_000109_Sideline.mp4,131,574,12,340,11
57995,109,Sideline,57995_000109_Sideline.mp4,132,589,13,341,13
57995,109,Sideline,57995_000109_Sideline.mp4,132,574,12,340,11
57995,109,Sideline,57995_000109_Sideline.mp4,133,575,12,339,11
57995,109,Sideline,57995_000109_Sideline.mp4,133,591,13,340,13
57995,109,Sideline,57995_000109_Sideline.mp4,134,576,12,339,12
57995,109,Sideline,57995_000109_Sideline.mp4,134,592,13,340,13
57995,109,Sideline,57995_000109_Sideline.mp4,135,593,12,340,13
57995,109,Sideline,57995_000109_Sideline.mp4,135,576,12,338,12
57995,109,Sideline,57995_000109_Sideline.mp4,383,751,10,155,11
57995,109,Sideline,57995_000109_Sideline.mp4,384,750,10,156,10
57995,109,Sideline,57995_000109_Sideline.mp4,385,749,11,155,10
57995,109,Sideline,57995_000109_Sideline.mp4,386,749,11,156,10
57995,109,Sideline,57995_000109_Sideline.mp4,387,749,10,158,9
57995,109,Sideline,57995_000109_Sideline.mp4,388,749,11,158,10
57995,109,Sideline,57995_000109_Sideline.mp4,389,749,10,158,11
57995,109,Sideline,57995_000109_Sideline.mp4,390,747,10,158,10
57995,109,Sideline,57995_000109_Sideline.mp4,391,746,10,160,9
57995,109,Sideline,57995_000109_Sideline.mp4,391,739,10,159,8
57995,109,Sideline,57995_000109_Sideline.mp4,392,743,11,160,9
57995,109,Sideline,57995_000109_Sideline.mp4,393,743,11,161,9
57995,109,Sideline,57995_000109_Sideline.mp4,394,742,11,161,9
57995,109,Sideline,57995_000109_Sideline.mp4,395,742,11,161,10
57995,109,Sideline,57995_000109_Sideline.mp4,396,741,11,162,11
57995,109,Sideline,57995_000109_Sideline.mp4,397,741,12,162,11
57995,109,Sideline,57995_000109_Sideline.mp4,398,741,12,163,12
57995,109,Sideline,57995_000109_Sideline.mp4,399,742,11,163,11
57995,109,Sideline,57995_000109_Sideline.mp4,400,742,11,165,12
57995,109,Sideline,57995_000109_Sideline.mp4,401,741,12,165,12
57995,109,Sideline,57995_000109_Sideline.mp4,402,741,11,165,11
57995,109,Sideline,57995_000109_Sideline.mp4,403,742,11,165,12
57995,109,Sideline,57995_000109_Sideline.mp4,404,742,11,164,12
57995,109,Sideline,57995_000109_Sideline.mp4,405,743,11,162,12
57995,109,Sideline,57995_000109_Sideline.mp4,407,746,11,160,10
58102,2798,Endzone,58102_002798_Endzone.mp4,1,453,30,329,21
58102,2798,Endzone,58102_002798_Endzone.mp4,1,484,27,318,32
58102,2798,Endzone,58102_002798_Endzone.mp4,2,453,30,329,21
58102,2798,Endzone,58102_002798_Endzone.mp4,2,484,27,318,32
58102,2798,Endzone,58102_002798_Endzone.mp4,3,452,29,329,21
58102,2798,Endzone,58102_002798_Endzone.mp4,3,484,27,318,32
58102,2798,Endzone,58102_002798_Endzone.mp4,4,453,30,329,21
58102,2798,Endzone,58102_002798_Endzone.mp4,4,484,27,318,32
58102,2798,Endzone,58102_002798_Endzone.mp4,5,453,30,329,21
58102,2798,Endzone,58102_002798_Endzone.mp4,5,485,26,318,32
58102,2798,Endzone,58102_002798_Endzone.mp4,6,453,30,329,21
58102,2798,Endzone,58102_002798_Endzone.mp4,6,485,27,318,32
58102,2798,Endzone,58102_002798_Endzone.mp4,7,453,30,329,21
58102,2798,Endzone,58102_002798_Endzone.mp4,7,485,26,319,32
58102,2798,Endzone,58102_002798_Endzone.mp4,8,454,30,329,21
58102,2798,Endzone,58102_002798_Endzone.mp4,8,485,26,319,32
58102,2798,Endzone,58102_002798_Endzone.mp4,9,454,29,329,21
58102,2798,Endzone,58102_002798_Endzone.mp4,9,485,26,319,31
58102,2798,Endzone,58102_002798_Endzone.mp4,10,453,29,328,22
58102,2798,Endzone,58102_002798_Endzone.mp4,10,485,26,318,31
58102,2798,Endzone,58102_002798_Endzone.mp4,11,453,30,327,22
58102,2798,Endzone,58102_002798_Endzone.mp4,11,484,26,318,31
58102,2798,Endzone,58102_002798_Endzone.mp4,12,453,30,326,22
58102,2798,Endzone,58102_002798_Endzone.mp4,12,484,27,318,31
58102,2798,Endzone,58102_002798_Endzone.mp4,13,453,30,326,21
58102,2798,Endzone,58102_002798_Endzone.mp4,13,484,27,318,30
58102,2798,Endzone,58102_002798_Endzone.mp4,14,454,30,326,21
58102,2798,Endzone,58102_002798_Endzone.mp4,14,485,27,318,31
58102,2798,Endzone,58102_002798_Endzone.mp4,15,456,29,326,21
58102,2798,Endzone,58102_002798_Endzone.mp4,15,484,28,318,30
58102,2798,Endzone,58102_002798_Endzone.mp4,16,457,29,325,21
58102,2798,Endzone,58102_002798_Endzone.mp4,16,485,28,317,30
58102,2798,Endzone,58102_002798_Endzone.mp4,17,458,29,323,22
58102,2798,Endzone,58102_002798_Endzone.mp4,17,485,28,316,28
58102,2798,Endzone,58102_002798_Endzone.mp4,18,460,29,321,23
58102,2798,Endzone,58102_002798_Endzone.mp4,18,487,27,314,27
58102,2798,Endzone,58102_002798_Endzone.mp4,19,461,30,318,24
58102,2798,Endzone,58102_002798_Endzone.mp4,19,487,26,311,27
58102,2798,Endzone,58102_002798_Endzone.mp4,20,464,29,316,23
58102,2798,Endzone,58102_002798_Endzone.mp4,20,487,26,309,27
58102,2798,Endzone,58102_002798_Endzone.mp4,21,466,29,314,24
58102,2798,Endzone,58102_002798_Endzone.mp4,21,489,24,307,27
58102,2798,Endzone,58102_002798_Endzone.mp4,22,470,29,312,24
58102,2798,Endzone,58102_002798_Endzone.mp4,22,489,24,304,28
58102,2798,Endzone,58102_002798_Endzone.mp4,23,489,26,301,30
58102,2798,Endzone,58102_002798_Endzone.mp4,23,472,30,311,24
58102,2798,Endzone,58102_002798_Endzone.mp4,24,491,25,298,30
58102,2798,Endzone,58102_002798_Endzone.mp4,24,473,30,309,24
58102,2798,Endzone,58102_002798_Endzone.mp4,25,490,25,295,30
58102,2798,Endzone,58102_002798_Endzone.mp4,25,474,29,307,25
58102,2798,Endzone,58102_002798_Endzone.mp4,26,490,26,291,31
58102,2798,Endzone,58102_002798_Endzone.mp4,26,475,31,306,25
58102,2798,Endzone,58102_002798_Endzone.mp4,27,491,27,287,34
58102,2798,Endzone,58102_002798_Endzone.mp4,27,476,29,304,25
58102,2798,Endzone,58102_002798_Endzone.mp4,32,483,29,301,24
58102,2798,Endzone,58102_002798_Endzone.mp4,33,485,29,300,24
58102,2798,Endzone,58102_002798_Endzone.mp4,37,488,29,296,25
58102,2798,Endzone,58102_002798_Endzone.mp4,38,489,29,296,25
58102,2798,Endzone,58102_002798_Endzone.mp4,39,490,29,295,25
58102,2798,Endzone,58102_002798_Endzone.mp4,39,486,27,280,27
58102,2798,Endzone,58102_002798_Endzone.mp4,40,491,29,294,26
58102,2798,Endzone,58102_002798_Endzone.mp4,40,485,26,281,28
58102,2798,Endzone,58102_002798_Endzone.mp4,41,492,28,293,26
58102,2798,Endzone,58102_002798_Endzone.mp4,41,485,24,283,28
58102,2798,Endzone,58102_002798_Endzone.mp4,42,493,28,292,26
58102,2798,Endzone,58102_002798_Endzone.mp4,42,486,24,283,28
58102,2798,Endzone,58102_002798_Endzone.mp4,43,495,28,290,26
58102,2798,Endzone,58102_002798_Endzone.mp4,43,488,24,283,29
58102,2798,Endzone,58102_002798_Endzone.mp4,44,496,28,289,26
58102,2798,Endzone,58102_002798_Endzone.mp4,44,490,24,283,29
58102,2798,Endzone,58102_002798_Endzone.mp4,45,496,28,286,26
58102,2798,Endzone,58102_002798_Endzone.mp4,46,497,27,285,26
58102,2798,Endzone,58102_002798_Endzone.mp4,47,496,28,282,26
58102,2798,Endzone,58102_002798_Endzone.mp4,48,864,23,265,31
58102,2798,Endzone,58102_002798_Endzone.mp4,48,839,31,268,28
58102,2798,Endzone,58102_002798_Endzone.mp4,48,497,29,279,27
58102,2798,Endzone,58102_002798_Endzone.mp4,49,498,29,277,28
58102,2798,Endzone,58102_002798_Endzone.mp4,49,865,21,265,30
58102,2798,Endzone,58102_002798_Endzone.mp4,49,842,31,267,28
58102,2798,Endzone,58102_002798_Endzone.mp4,50,844,31,266,29
58102,2798,Endzone,58102_002798_Endzone.mp4,50,866,20,264,29
58102,2798,Endzone,58102_002798_Endzone.mp4,50,498,29,275,28
58102,2798,Endzone,58102_002798_Endzone.mp4,50,507,25,273,24
58102,2798,Endzone,58102_002798_Endzone.mp4,51,845,31,263,30
58102,2798,Endzone,58102_002798_Endzone.mp4,51,869,18,263,30
58102,2798,Endzone,58102_002798_Endzone.mp4,51,499,28,273,28
58102,2798,Endzone,58102_002798_Endzone.mp4,51,510,23,271,23
58102,2798,Endzone,58102_002798_Endzone.mp4,52,847,32,260,31
58102,2798,Endzone,58102_002798_Endzone.mp4,52,871,18,261,31
58102,2798,Endzone,58102_002798_Endzone.mp4,53,847,33,257,32
58102,2798,Endzone,58102_002798_Endzone.mp4,53,874,17,260,31
58102,2798,Endzone,58102_002798_Endzone.mp4,54,849,35,256,31
58102,2798,Endzone,58102_002798_Endzone.mp4,54,877,16,259,31
58102,2798,Endzone,58102_002798_Endzone.mp4,55,850,35,254,31
58102,2798,Endzone,58102_002798_Endzone.mp4,55,879,17,257,32
58102,2798,Endzone,58102_002798_Endzone.mp4,56,852,35,251,32
58102,2798,Endzone,58102_002798_Endzone.mp4,56,881,16,256,31
58102,2798,Endzone,58102_002798_Endzone.mp4,57,884,15,256,30
58102,2798,Endzone,58102_002798_Endzone.mp4,58,888,17,254,31
58102,2798,Endzone,58102_002798_Endzone.mp4,59,890,19,252,32
58102,2798,Endzone,58102_002798_Endzone.mp4,73,1081,29,241,38
58102,2798,Endzone,58102_002798_Endzone.mp4,73,1053,33,259,32
58102,2798,Endzone,58102_002798_Endzone.mp4,74,1083,31,242,38
58102,2798,Endzone,58102_002798_Endzone.mp4,74,1056,33,258,31
58102,2798,Endzone,58102_002798_Endzone.mp4,75,1086,31,242,37
58102,2798,Endzone,58102_002798_Endzone.mp4,75,1059,33,257,31
58102,2798,Endzone,58102_002798_Endzone.mp4,76,1060,34,256,32
58102,2798,Endzone,58102_002798_Endzone.mp4,76,1088,31,243,37
58102,2798,Endzone,58102_002798_Endzone.mp4,77,1092,31,243,36
58102,2798,Endzone,58102_002798_Endzone.mp4,77,1063,35,255,34
58102,2798,Endzone,58102_002798_Endzone.mp4,78,1098,29,243,38
58102,2798,Endzone,58102_002798_Endzone.mp4,78,1066,35,254,36
58102,2798,Endzone,58102_002798_Endzone.mp4,80,1070,35,251,38
58102,2798,Endzone,58102_002798_Endzone.mp4,80,1105,30,244,38
58102,2798,Endzone,58102_002798_Endzone.mp4,81,1071,36,250,39
58102,2798,Endzone,58102_002798_Endzone.mp4,82,1071,36,248,39
58102,2798,Endzone,58102_002798_Endzone.mp4,82,1112,31,245,39
58102,2798,Endzone,58102_002798_Endzone.mp4,97,42,32,181,37
58102,2798,Endzone,58102_002798_Endzone.mp4,98,46,31,182,34
58102,2798,Endzone,58102_002798_Endzone.mp4,99,52,27,183,33
58102,2798,Endzone,58102_002798_Endzone.mp4,99,19,29,175,27
58102,2798,Endzone,58102_002798_Endzone.mp4,100,56,29,183,33
58102,2798,Endzone,58102_002798_Endzone.mp4,100,27,28,172,28
58102,2798,Endzone,58102_002798_Endzone.mp4,101,62,29,181,34
58102,2798,Endzone,58102_002798_Endzone.mp4,101,33,29,169,27
58102,2798,Endzone,58102_002798_Endzone.mp4,102,40,27,167,26
58102,2798,Endzone,58102_002798_Endzone.mp4,102,69,29,181,32
58102,2798,Endzone,58102_002798_Endzone.mp4,103,46,28,166,26
58102,2798,Endzone,58102_002798_Endzone.mp4,103,76,29,178,30
58102,2798,Endzone,58102_002798_Endzone.mp4,104,52,28,164,26
58102,2798,Endzone,58102_002798_Endzone.mp4,104,83,29,176,30
58102,2798,Endzone,58102_002798_Endzone.mp4,105,58,28,163,27
58102,2798,Endzone,58102_002798_Endzone.mp4,105,91,30,175,31
58102,2798,Endzone,58102_002798_Endzone.mp4,106,64,29,161,28
58102,2798,Endzone,58102_002798_Endzone.mp4,106,98,31,175,30
58102,2798,Endzone,58102_002798_Endzone.mp4,107,105,31,175,31
58102,2798,Endzone,58102_002798_Endzone.mp4,107,69,30,160,29
58102,2798,Endzone,58102_002798_Endzone.mp4,108,112,32,175,33
58102,2798,Endzone,58102_002798_Endzone.mp4,127,914,31,113,28
58102,2798,Endzone,58102_002798_Endzone.mp4,127,629,27,159,37
58102,2798,Endzone,58102_002798_Endzone.mp4,127,595,30,168,30
58102,2798,Endzone,58102_002798_Endzone.mp4,128,632,26,160,37
58102,2798,Endzone,58102_002798_Endzone.mp4,128,600,31,167,29
58102,2798,Endzone,58102_002798_Endzone.mp4,128,950,28,110,37
58102,2798,Endzone,58102_002798_Endzone.mp4,129,923,30,111,28
58102,2798,Endzone,58102_002798_Endzone.mp4,129,634,26,160,37
58102,2798,Endzone,58102_002798_Endzone.mp4,129,952,27,110,36
58102,2798,Endzone,58102_002798_Endzone.mp4,129,605,31,165,31
58102,2798,Endzone,58102_002798_Endzone.mp4,130,926,30,110,28
58102,2798,Endzone,58102_002798_Endzone.mp4,130,636,25,160,38
58102,2798,Endzone,58102_002798_Endzone.mp4,130,953,25,111,35
58102,2798,Endzone,58102_002798_Endzone.mp4,130,608,31,163,31
58102,2798,Endzone,58102_002798_Endzone.mp4,131,928,30,109,27
58102,2798,Endzone,58102_002798_Endzone.mp4,131,638,24,159,38
58102,2798,Endzone,58102_002798_Endzone.mp4,131,611,30,162,31
58102,2798,Endzone,58102_002798_Endzone.mp4,131,955,23,111,34
58102,2798,Endzone,58102_002798_Endzone.mp4,132,640,24,159,37
58102,2798,Endzone,58102_002798_Endzone.mp4,132,957,22,113,34
58102,2798,Endzone,58102_002798_Endzone.mp4,132,930,29,109,27
58102,2798,Endzone,58102_002798_Endzone.mp4,132,614,29,161,29
58102,2798,Endzone,58102_002798_Endzone.mp4,133,932,30,109,28
58102,2798,Endzone,58102_002798_Endzone.mp4,133,617,29,160,29
58102,2798,Endzone,58102_002798_Endzone.mp4,133,960,22,114,36
58102,2798,Endzone,58102_002798_Endzone.mp4,133,644,25,159,37
58102,2798,Endzone,58102_002798_Endzone.mp4,134,935,29,109,28
58102,2798,Endzone,58102_002798_Endzone.mp4,134,620,29,157,30
58102,2798,Endzone,58102_002798_Endzone.mp4,134,962,23,115,36
58102,2798,Endzone,58102_002798_Endzone.mp4,134,647,26,158,37
58102,2798,Endzone,58102_002798_Endzone.mp4,135,937,30,109,28
58102,2798,Endzone,58102_002798_Endzone.mp4,135,652,26,158,38
58102,2798,Endzone,58102_002798_Endzone.mp4,135,965,25,115,38
58102,2798,Endzone,58102_002798_Endzone.mp4,135,622,29,154,29
58102,2798,Endzone,58102_002798_Endzone.mp4,136,940,30,109,29
58102,2798,Endzone,58102_002798_Endzone.mp4,136,654,26,158,37
58102,2798,Endzone,58102_002798_Endzone.mp4,136,967,25,116,38
58102,2798,Endzone,58102_002798_Endzone.mp4,136,623,30,150,31
58102,2798,Endzone,58102_002798_Endzone.mp4,137,942,29,109,30
58102,2798,Endzone,58102_002798_Endzone.mp4,137,624,31,147,32
58102,2798,Endzone,58102_002798_Endzone.mp4,137,969,26,116,38
58102,2798,Endzone,58102_002798_Endzone.mp4,137,658,26,158,37
58102,2798,Endzone,58102_002798_Endzone.mp4,138,945,29,109,30
58102,2798,Endzone,58102_002798_Endzone.mp4,138,972,26,115,38
58102,2798,Endzone,58102_002798_Endzone.mp4,138,626,32,145,32
58102,2798,Endzone,58102_002798_Endzone.mp4,138,661,26,157,37
58102,2798,Endzone,58102_002798_Endzone.mp4,139,948,29,110,31
58102,2798,Endzone,58102_002798_Endzone.mp4,139,975,25,116,37
58102,2798,Endzone,58102_002798_Endzone.mp4,139,665,26,156,38
58102,2798,Endzone,58102_002798_Endzone.mp4,139,627,33,143,33
58102,2798,Endzone,58102_002798_Endzone.mp4,140,951,30,111,31
58102,2798,Endzone,58102_002798_Endzone.mp4,140,978,25,116,37
58102,2798,Endzone,58102_002798_Endzone.mp4,141,953,30,112,32
58102,2798,Endzone,58102_002798_Endzone.mp4,141,979,25,116,37
58102,2798,Endzone,58102_002798_Endzone.mp4,142,954,31,114,33
58102,2798,Endzone,58102_002798_Endzone.mp4,142,980,25,115,37
58102,2798,Endzone,58102_002798_Endzone.mp4,143,955,31,115,32
58102,2798,Endzone,58102_002798_Endzone.mp4,143,980,24,114,38
58102,2798,Endzone,58102_002798_Endzone.mp4,144,957,31,116,33
58102,2798,Endzone,58102_002798_Endzone.mp4,144,981,23,112,39
58102,2798,Endzone,58102_002798_Endzone.mp4,145,959,32,117,32
58102,2798,Endzone,58102_002798_Endzone.mp4,145,981,24,111,38
58102,2798,Endzone,58102_002798_Endzone.mp4,146,980,24,110,37
58102,2798,Endzone,58102_002798_Endzone.mp4,146,961,31,118,32
58102,2798,Endzone,58102_002798_Endzone.mp4,147,978,25,109,35
58102,2798,Endzone,58102_002798_Endzone.mp4,147,962,30,119,31
58102,2798,Endzone,58102_002798_Endzone.mp4,150,1088,33,258,38
58102,2798,Endzone,58102_002798_Endzone.mp4,150,1050,36,253,30
58102,2798,Endzone,58102_002798_Endzone.mp4,151,1086,33,258,39
58102,2798,Endzone,58102_002798_Endzone.mp4,151,1048,36,254,29
58102,2798,Endzone,58102_002798_Endzone.mp4,152,1085,31,258,38
58102,2798,Endzone,58102_002798_Endzone.mp4,152,1047,35,254,29
58102,2798,Endzone,58102_002798_Endzone.mp4,153,1081,31,258,36
58102,2798,Endzone,58102_002798_Endzone.mp4,153,1046,34,255,29
58102,2798,Endzone,58102_002798_Endzone.mp4,154,1077,32,256,37
58102,2798,Endzone,58102_002798_Endzone.mp4,154,1045,33,255,29
58102,2798,Endzone,58102_002798_Endzone.mp4,155,1073,32,255,37
58102,2798,Endzone,58102_002798_Endzone.mp4,155,1042,32,255,28
58102,2798,Endzone,58102_002798_Endzone.mp4,156,1070,31,254,37
58102,2798,Endzone,58102_002798_Endzone.mp4,156,1038,32,256,29
58102,2798,Endzone,58102_002798_Endzone.mp4,157,1067,31,253,36
58102,2798,Endzone,58102_002798_Endzone.mp4,157,1036,32,257,29
58102,2798,Endzone,58102_002798_Endzone.mp4,158,1065,30,253,35
58102,2798,Endzone,58102_002798_Endzone.mp4,158,1034,32,258,29
58102,2798,Endzone,58102_002798_Endzone.mp4,159,1032,32,258,30
58102,2798,Endzone,58102_002798_Endzone.mp4,159,1062,29,252,34
58102,2798,Endzone,58102_002798_Endzone.mp4,160,1029,32,257,30
58102,2798,Endzone,58102_002798_Endzone.mp4,160,1059,29,250,34
58102,2798,Endzone,58102_002798_Endzone.mp4,161,1055,30,249,33
58102,2798,Endzone,58102_002798_Endzone.mp4,161,1027,31,256,29
58102,2798,Endzone,58102_002798_Endzone.mp4,162,1052,30,247,32
58102,2798,Endzone,58102_002798_Endzone.mp4,162,1024,30,255,28
58102,2798,Endzone,58102_002798_Endzone.mp4,163,1020,31,252,29
58102,2798,Endzone,58102_002798_Endzone.mp4,223,943,27,240,21
58102,2798,Endzone,58102_002798_Endzone.mp4,226,947,23,244,17
58102,2798,Endzone,58102_002798_Endzone.mp4,227,949,24,245,17
58102,2798,Endzone,58102_002798_Endzone.mp4,228,951,23,246,17
58102,2798,Endzone,58102_002798_Endzone.mp4,229,954,24,247,16
58102,2798,Endzone,58102_002798_Endzone.mp4,229,913,26,237,34
58102,2798,Endzone,58102_002798_Endzone.mp4,230,957,23,248,17
58102,2798,Endzone,58102_002798_Endzone.mp4,230,916,26,239,32
58102,2798,Endzone,58102_002798_Endzone.mp4,231,959,24,248,16
58102,2798,Endzone,58102_002798_Endzone.mp4,231,919,28,240,33
58102,2798,Endzone,58102_002798_Endzone.mp4,232,961,24,249,17
58102,2798,Endzone,58102_002798_Endzone.mp4,232,922,28,241,32
58102,2798,Endzone,58102_002798_Endzone.mp4,233,963,24,250,16
58102,2798,Endzone,58102_002798_Endzone.mp4,233,924,28,243,29
58102,2798,Endzone,58102_002798_Endzone.mp4,234,963,25,250,17
58102,2798,Endzone,58102_002798_Endzone.mp4,234,926,28,245,28
58102,2798,Endzone,58102_002798_Endzone.mp4,235,963,27,250,19
58102,2798,Endzone,58102_002798_Endzone.mp4,236,963,27,249,21
58102,2798,Endzone,58102_002798_Endzone.mp4,236,929,29,249,27
58102,2798,Endzone,58102_002798_Endzone.mp4,237,962,27,249,23
58102,2798,Endzone,58102_002798_Endzone.mp4,237,929,29,250,27
58102,2798,Endzone,58102_002798_Endzone.mp4,238,962,27,248,24
58102,2798,Endzone,58102_002798_Endzone.mp4,238,930,28,251,26
58102,2798,Endzone,58102_002798_Endzone.mp4,239,929,29,252,25
58102,2798,Endzone,58102_002798_Endzone.mp4,247,748,29,359,31
58102,2798,Endzone,58102_002798_Endzone.mp4,248,742,28,361,29
58102,2798,Endzone,58102_002798_Endzone.mp4,249,739,27,368,27
58102,2798,Endzone,58102_002798_Endzone.mp4,250,735,24,373,26
58102,2798,Endzone,58102_002798_Endzone.mp4,251,730,23,378,27
58102,2798,Endzone,58102_002798_Endzone.mp4,252,725,20,381,25
58102,2798,Endzone,58102_002798_Endzone.mp4,253,720,19,381,26
58102,2798,Endzone,58102_002798_Endzone.mp4,254,719,13,382,24
58102,2798,Endzone,58102_002798_Endzone.mp4,254,916,28,235,31
58102,2798,Endzone,58102_002798_Endzone.mp4,254,939,24,251,22
58102,2798,Endzone,58102_002798_Endzone.mp4,255,937,22,252,19
58102,2798,Endzone,58102_002798_Endzone.mp4,255,709,16,384,24
58102,2798,Endzone,58102_002798_Endzone.mp4,255,919,29,237,28
58102,2798,Endzone,58102_002798_Endzone.mp4,256,937,19,254,16
58102,2798,Endzone,58102_002798_Endzone.mp4,256,703,15,384,24
58102,2798,Endzone,58102_002798_Endzone.mp4,256,924,29,238,30
58102,2798,Endzone,58102_002798_Endzone.mp4,257,696,15,383,25
58102,2798,Endzone,58102_002798_Endzone.mp4,257,929,28,239,29
58102,2798,Endzone,58102_002798_Endzone.mp4,257,938,18,254,14
58102,2798,Endzone,58102_002798_Endzone.mp4,258,934,28,240,26
58102,2798,Endzone,58102_002798_Endzone.mp4,259,938,27,240,25
58102,2798,Endzone,58102_002798_Endzone.mp4,260,941,25,241,24
58102,2798,Endzone,58102_002798_Endzone.mp4,261,942,25,243,22
58102,2798,Endzone,58102_002798_Endzone.mp4,262,944,25,243,23
58102,2798,Endzone,58102_002798_Endzone.mp4,262,961,16,257,13
58102,2798,Endzone,58102_002798_Endzone.mp4,263,949,26,244,22
58102,2798,Endzone,58102_002798_Endzone.mp4,264,954,24,245,15
58102,2798,Endzone,58102_002798_Endzone.mp4,264,956,30,259,18
58102,2798,Endzone,58102_002798_Endzone.mp4,265,955,28,257,16
58102,2798,Endzone,58102_002798_Endzone.mp4,266,957,29,255,17
58102,2798,Endzone,58102_002798_Endzone.mp4,267,960,27,252,19
58102,2798,Endzone,58102_002798_Endzone.mp4,268,960,29,252,23
58102,2798,Endzone,58102_002798_Endzone.mp4,269,970,24,252,18
58102,2798,Endzone,58102_002798_Endzone.mp4,270,971,26,255,19
58102,2798,Endzone,58102_002798_Endzone.mp4,271,974,27,257,34
58102,2798,Endzone,58102_002798_Endzone.mp4,273,953,24,265,16
58102,2798,Endzone,58102_002798_Endzone.mp4,274,951,24,267,18
58102,2798,Endzone,58102_002798_Endzone.mp4,277,945,24,307,30
58102,2798,Endzone,58102_002798_Endzone.mp4,279,942,24,306,30
58102,2798,Endzone,58102_002798_Endzone.mp4,280,940,23,306,29
58102,2798,Endzone,58102_002798_Endzone.mp4,282,938,26,301,35
58102,2798,Endzone,58102_002798_Endzone.mp4,283,938,27,304,34
58102,2798,Endzone,58102_002798_Endzone.mp4,284,943,24,308,31
58102,2798,Endzone,58102_002798_Endzone.mp4,284,983,27,305,30
58102,2798,Endzone,58102_002798_Endzone.mp4,286,944,21,297,20
58102,2798,Endzone,58102_002798_Endzone.mp4,293,983,30,347,33
58102,2798,Endzone,58102_002798_Endzone.mp4,294,980,33,354,31
58102,2798,Endzone,58102_002798_Endzone.mp4,295,977,36,360,33
58102,2798,Endzone,58102_002798_Endzone.mp4,296,974,41,367,33
58102,2798,Endzone,58102_002798_Endzone.mp4,297,969,41,376,31
58102,2798,Endzone,58102_002798_Endzone.mp4,298,970,41,382,30
58102,2798,Endzone,58102_002798_Endzone.mp4,299,969,38,386,30
58102,2798,Endzone,58102_002798_Endzone.mp4,300,964,36,384,31
58102,2798,Endzone,58102_002798_Endzone.mp4,301,962,34,384,30
58102,2798,Endzone,58102_002798_Endzone.mp4,302,958,33,383,32
58102,2798,Endzone,58102_002798_Endzone.mp4,303,954,34,383,33
58102,2798,Endzone,58102_002798_Endzone.mp4,304,950,33,383,33
58102,2798,Endzone,58102_002798_Endzone.mp4,305,945,33,383,32
58102,2798,Endzone,58102_002798_Endzone.mp4,306,942,32,385,32
58102,2798,Endzone,58102_002798_Endzone.mp4,307,937,33,386,32
58102,2798,Endzone,58102_002798_Endzone.mp4,308,932,32,387,31
58102,2798,Endzone,58102_002798_Endzone.mp4,309,929,30,387,30
58102,2798,Endzone,58102_002798_Endzone.mp4,311,919,30,386,31
58102,2798,Endzone,58102_002798_Endzone.mp4,312,917,28,386,32
58102,2798,Endzone,58102_002798_Endzone.mp4,313,913,27,386,31
58102,2798,Endzone,58102_002798_Endzone.mp4,314,910,26,387,30
58102,2798,Endzone,58102_002798_Endzone.mp4,315,910,24,387,30
58102,2798,Endzone,58102_002798_Endzone.mp4,316,903,26,387,32
58102,2798,Endzone,58102_002798_Endzone.mp4,317,898,28,386,33
58102,2798,Endzone,58102_002798_Endzone.mp4,319,891,28,388,33
58102,2798,Endzone,58102_002798_Endzone.mp4,320,884,30,388,33
58102,2798,Endzone,58102_002798_Endzone.mp4,321,884,26,389,32
58102,2798,Endzone,58102_002798_Endzone.mp4,323,879,22,389,31
58102,2798,Endzone,58102_002798_Endzone.mp4,324,872,25,390,31
58102,2798,Endzone,58102_002798_Endzone.mp4,325,864,30,391,29
58102,2798,Endzone,58102_002798_Endzone.mp4,327,845,35,407,39
58102,2798,Endzone,58102_002798_Endzone.mp4,327,864,21,390,26
58102,2798,Endzone,58102_002798_Endzone.mp4,328,845,34,412,37
58102,2798,Endzone,58102_002798_Endzone.mp4,329,840,36,415,40
58102,2798,Endzone,58102_002798_Endzone.mp4,334,830,35,424,36
58102,2798,Endzone,58102_002798_Endzone.mp4,336,821,37,425,37
58102,2798,Endzone,58102_002798_Endzone.mp4,338,817,37,424,38
58102,2798,Endzone,58102_002798_Endzone.mp4,339,815,35,421,39
58102,2798,Endzone,58102_002798_Endzone.mp4,340,811,36,421,39
58102,2798,Endzone,58102_002798_Endzone.mp4,344,797,40,415,39
58102,2798,Endzone,58102_002798_Endzone.mp4,345,795,38,414,39
