gameKey,playID,view,video,frame,left,width,top,height,pred
57906,718,Sideline,57906_000718_Sideline.mp4,1,791,8,376,7,0.9214123487472534
57906,718,Sideline,57906_000718_Sideline.mp4,1,793,7,365,8,0.9172353148460388
57906,718,Sideline,57906_000718_Sideline.mp4,2,793,7,365,8,0.9152163863182068
57906,718,Sideline,57906_000718_Sideline.mp4,2,791,8,376,7,0.890756368637085
57906,718,Sideline,57906_000718_Sideline.mp4,3,791,8,376,7,0.8754080533981323
57906,718,Sideline,57906_000718_Sideline.mp4,3,793,7,365,8,0.8530517816543579
57906,718,Sideline,57906_000718_Sideline.mp4,4,790,8,376,7,0.8728082180023193
57906,718,Sideline,57906_000718_Sideline.mp4,4,793,7,365,8,0.8624134659767151
57906,718,Sideline,57906_000718_Sideline.mp4,5,791,8,376,7,0.9095219969749451
57906,718,Sideline,57906_000718_Sideline.mp4,5,793,7,364,8,0.8800214529037476
57906,718,Sideline,57906_000718_Sideline.mp4,6,792,8,364,8,0.8582632541656494
57906,718,Sideline,57906_000718_Sideline.mp4,7,790,9,376,7,0.8707937002182007
57906,718,Sideline,57906_000718_Sideline.mp4,8,790,8,375,7,0.8652348518371582
57906,718,Sideline,57906_000718_Sideline.mp4,9,790,8,375,7,0.8534208536148071
57906,718,Sideline,57906_000718_Sideline.mp4,11,790,8,376,7,0.8606381416320801
57906,718,Sideline,57906_000718_Sideline.mp4,14,790,8,375,6,0.8999059200286865
57906,718,Sideline,57906_000718_Sideline.mp4,16,790,8,373,7,0.8968916535377502
57906,718,Sideline,57906_000718_Sideline.mp4,17,790,8,373,7,0.9402310848236084
57906,718,Sideline,57906_000718_Sideline.mp4,22,791,8,370,7,0.9186374545097351
57906,718,Sideline,57906_000718_Sideline.mp4,23,792,8,369,7,0.9089007377624512
57906,718,Sideline,57906_000718_Sideline.mp4,25,794,7,369,7,0.8566884994506836
57906,718,Sideline,57906_000718_Sideline.mp4,28,759,8,334,9,0.9965180158615112
57906,718,Sideline,57906_000718_Sideline.mp4,29,760,8,334,9,0.9971970319747925
57906,718,Sideline,57906_000718_Sideline.mp4,29,792,6,363,6,0.8511474132537842
57906,718,Sideline,57906_000718_Sideline.mp4,30,761,7,335,9,0.9902284145355225
57906,718,Sideline,57906_000718_Sideline.mp4,30,770,7,334,8,0.9597488045692444
57906,718,Sideline,57906_000718_Sideline.mp4,30,798,9,364,7,0.9224131107330322
57906,718,Sideline,57906_000718_Sideline.mp4,31,761,7,335,8,0.9815780520439148
57906,718,Sideline,57906_000718_Sideline.mp4,31,798,9,364,8,0.9782556891441345
57906,718,Sideline,57906_000718_Sideline.mp4,31,769,7,333,8,0.9362117052078247
57906,718,Sideline,57906_000718_Sideline.mp4,32,798,9,363,8,0.9748929738998413
57906,718,Sideline,57906_000718_Sideline.mp4,32,762,7,335,8,0.8954757452011108
57906,718,Sideline,57906_000718_Sideline.mp4,33,797,9,363,8,0.9717817902565002
57906,718,Sideline,57906_000718_Sideline.mp4,34,797,8,362,8,0.9682475328445435
57906,718,Sideline,57906_000718_Sideline.mp4,35,796,8,362,8,0.9720700979232788
57906,718,Sideline,57906_000718_Sideline.mp4,35,805,7,363,9,0.8701853156089783
57906,718,Sideline,57906_000718_Sideline.mp4,36,795,8,361,8,0.9439135193824768
57906,718,Sideline,57906_000718_Sideline.mp4,37,803,7,362,9,0.8911986351013184
57906,718,Sideline,57906_000718_Sideline.mp4,38,803,7,362,9,0.8950886726379395
57906,718,Sideline,57906_000718_Sideline.mp4,39,871,8,403,10,0.9817768931388855
57906,718,Sideline,57906_000718_Sideline.mp4,39,802,7,362,9,0.8781929016113281
57906,718,Sideline,57906_000718_Sideline.mp4,40,870,7,403,9,0.982878565788269
57906,718,Sideline,57906_000718_Sideline.mp4,40,864,8,399,10,0.9131364822387695
57906,718,Sideline,57906_000718_Sideline.mp4,41,869,8,403,9,0.9913158416748047
57906,718,Sideline,57906_000718_Sideline.mp4,41,856,9,406,8,0.8992079496383667
57906,718,Sideline,57906_000718_Sideline.mp4,42,867,8,404,10,0.9729779958724976
57906,718,Sideline,57906_000718_Sideline.mp4,42,856,9,406,8,0.9567350149154663
57906,718,Sideline,57906_000718_Sideline.mp4,43,748,9,301,11,0.9887299537658691
57906,718,Sideline,57906_000718_Sideline.mp4,43,759,8,303,11,0.9787040948867798
57906,718,Sideline,57906_000718_Sideline.mp4,43,857,9,406,9,0.9594569206237793
57906,718,Sideline,57906_000718_Sideline.mp4,43,867,7,404,10,0.8979921936988831
57906,718,Sideline,57906_000718_Sideline.mp4,44,750,8,301,11,0.9949509501457214
57906,718,Sideline,57906_000718_Sideline.mp4,44,760,8,303,11,0.9786001443862915
57906,718,Sideline,57906_000718_Sideline.mp4,44,858,8,406,8,0.9672348499298096
57906,718,Sideline,57906_000718_Sideline.mp4,45,752,8,301,10,0.9901022911071777
57906,718,Sideline,57906_000718_Sideline.mp4,45,761,7,303,11,0.9158391356468201
57906,718,Sideline,57906_000718_Sideline.mp4,45,856,8,405,8,0.8986743688583374
57906,718,Sideline,57906_000718_Sideline.mp4,46,753,7,301,8,0.9523934721946716
57906,718,Sideline,57906_000718_Sideline.mp4,46,856,8,404,7,0.9071410894393921
57906,718,Sideline,57906_000718_Sideline.mp4,46,760,7,304,10,0.9067625999450684
57906,718,Sideline,57906_000718_Sideline.mp4,47,856,8,404,7,0.9417949914932251
57906,718,Sideline,57906_000718_Sideline.mp4,47,865,7,401,10,0.8816415667533875
57906,718,Sideline,57906_000718_Sideline.mp4,48,864,7,400,10,0.9464408159255981
57906,718,Sideline,57906_000718_Sideline.mp4,48,855,8,404,6,0.9019275307655334
57906,718,Sideline,57906_000718_Sideline.mp4,49,863,7,400,10,0.9848037958145142
57906,718,Sideline,57906_000718_Sideline.mp4,49,855,7,402,7,0.9267706871032715
57906,718,Sideline,57906_000718_Sideline.mp4,50,864,6,399,10,0.96455979347229
57906,718,Sideline,57906_000718_Sideline.mp4,51,864,6,399,9,0.8932775259017944
57906,718,Sideline,57906_000718_Sideline.mp4,54,861,8,396,9,0.9644184112548828
57906,718,Sideline,57906_000718_Sideline.mp4,55,861,8,396,10,0.9656777381896973
57906,718,Sideline,57906_000718_Sideline.mp4,56,861,9,395,10,0.8906629681587219
57906,718,Sideline,57906_000718_Sideline.mp4,59,861,8,394,10,0.8513108491897583
57906,718,Sideline,57906_000718_Sideline.mp4,60,860,8,392,10,0.9550328254699707
57906,718,Sideline,57906_000718_Sideline.mp4,61,860,8,391,10,0.9759715795516968
57906,718,Sideline,57906_000718_Sideline.mp4,62,860,7,391,10,0.9570375084877014
57906,718,Sideline,57906_000718_Sideline.mp4,63,859,8,389,10,0.9668437838554382
57906,718,Sideline,57906_000718_Sideline.mp4,64,859,8,389,10,0.9593849182128906
57906,718,Sideline,57906_000718_Sideline.mp4,65,859,8,389,10,0.9250078797340393
57906,718,Sideline,57906_000718_Sideline.mp4,66,859,8,388,9,0.8962423205375671
57906,718,Sideline,57906_000718_Sideline.mp4,67,859,8,388,9,0.9468480348587036
57906,718,Sideline,57906_000718_Sideline.mp4,68,860,8,387,10,0.9503087997436523
57906,718,Sideline,57906_000718_Sideline.mp4,69,859,8,387,10,0.8934508562088013
57906,718,Sideline,57906_000718_Sideline.mp4,70,859,8,387,10,0.8845975399017334
57906,718,Sideline,57906_000718_Sideline.mp4,107,769,8,337,9,0.8718624114990234
57906,718,Sideline,57906_000718_Sideline.mp4,109,773,9,337,9,0.8772623538970947
57906,718,Sideline,57906_000718_Sideline.mp4,110,775,8,337,8,0.9719130992889404
57906,718,Sideline,57906_000718_Sideline.mp4,118,786,7,327,10,0.8645787239074707
57906,718,Sideline,57906_000718_Sideline.mp4,240,643,9,333,8,0.9797492027282715
57906,718,Sideline,57906_000718_Sideline.mp4,240,642,10,322,10,0.960253894329071
57906,718,Sideline,57906_000718_Sideline.mp4,241,645,10,323,9,0.9873689413070679
57906,718,Sideline,57906_000718_Sideline.mp4,241,646,10,333,9,0.9676196575164795
57906,718,Sideline,57906_000718_Sideline.mp4,242,649,10,333,8,0.9948517084121704
57906,718,Sideline,57906_000718_Sideline.mp4,242,647,10,325,8,0.9868593215942383
57906,718,Sideline,57906_000718_Sideline.mp4,243,653,10,333,8,0.9587920904159546
57906,718,Sideline,57906_000718_Sideline.mp4,244,657,9,334,8,0.9412551522254944
57906,718,Sideline,57906_000718_Sideline.mp4,245,660,9,335,9,0.920425534248352
57906,718,Sideline,57906_000718_Sideline.mp4,246,664,8,337,8,0.8958251476287842
57906,718,Sideline,57906_000718_Sideline.mp4,256,692,8,343,8,0.8811859488487244
57906,718,Sideline,57906_000718_Sideline.mp4,257,696,8,343,7,0.9736248254776001
57906,718,Sideline,57906_000718_Sideline.mp4,274,732,8,353,8,0.9228379726409912
57906,718,Sideline,57906_000718_Sideline.mp4,379,814,12,341,12,0.8685942888259888
57906,718,Sideline,57906_000718_Sideline.mp4,380,814,13,340,12,0.9663061499595642
57906,718,Endzone,57906_000718_Endzone.mp4,26,626,20,267,25,0.8695176243782043
57906,718,Endzone,57906_000718_Endzone.mp4,27,657,20,270,14,0.9780092239379883
57906,718,Endzone,57906_000718_Endzone.mp4,27,627,19,267,25,0.9712882041931152
57906,718,Endzone,57906_000718_Endzone.mp4,27,805,18,277,16,0.952899694442749
57906,718,Endzone,57906_000718_Endzone.mp4,28,806,18,277,16,0.9917100667953491
57906,718,Endzone,57906_000718_Endzone.mp4,28,628,20,266,24,0.9749057292938232
57906,718,Endzone,57906_000718_Endzone.mp4,28,818,16,268,24,0.9280577898025513
57906,718,Endzone,57906_000718_Endzone.mp4,29,629,22,265,22,0.9952352643013
57906,718,Endzone,57906_000718_Endzone.mp4,29,808,18,277,16,0.9940301179885864
57906,718,Endzone,57906_000718_Endzone.mp4,29,650,13,266,17,0.9892474412918091
57906,718,Endzone,57906_000718_Endzone.mp4,30,629,19,265,22,0.9986629486083984
57906,718,Endzone,57906_000718_Endzone.mp4,30,647,15,265,16,0.9975847601890564
57906,718,Endzone,57906_000718_Endzone.mp4,30,811,17,276,16,0.915292501449585
57906,718,Endzone,57906_000718_Endzone.mp4,31,627,18,263,23,0.9977044463157654
57906,718,Endzone,57906_000718_Endzone.mp4,31,812,18,277,16,0.9839287996292114
57906,718,Endzone,57906_000718_Endzone.mp4,31,645,16,264,16,0.9402803182601929
57906,718,Endzone,57906_000718_Endzone.mp4,32,625,19,262,22,0.9991933107376099
57906,718,Endzone,57906_000718_Endzone.mp4,32,812,19,276,16,0.9946702718734741
57906,718,Endzone,57906_000718_Endzone.mp4,32,643,18,262,16,0.9783611297607422
57906,718,Endzone,57906_000718_Endzone.mp4,33,624,18,261,20,0.999545693397522
57906,718,Endzone,57906_000718_Endzone.mp4,33,816,20,275,18,0.9920206069946289
57906,718,Endzone,57906_000718_Endzone.mp4,33,800,18,270,17,0.9707961082458496
57906,718,Endzone,57906_000718_Endzone.mp4,33,615,18,273,15,0.9416012763977051
57906,718,Endzone,57906_000718_Endzone.mp4,34,622,18,258,20,0.9998401403427124
57906,718,Endzone,57906_000718_Endzone.mp4,34,816,21,274,18,0.9657191038131714
57906,718,Endzone,57906_000718_Endzone.mp4,34,800,18,269,16,0.9593053460121155
57906,718,Endzone,57906_000718_Endzone.mp4,34,616,17,273,15,0.9380220174789429
57906,718,Endzone,57906_000718_Endzone.mp4,34,640,19,259,16,0.9180725812911987
57906,718,Endzone,57906_000718_Endzone.mp4,35,622,18,256,20,0.9998643398284912
57906,718,Endzone,57906_000718_Endzone.mp4,35,800,17,270,15,0.9284332990646362
57906,718,Endzone,57906_000718_Endzone.mp4,35,616,17,272,15,0.9070881605148315
57906,718,Endzone,57906_000718_Endzone.mp4,35,640,20,256,17,0.8647975921630859
57906,718,Endzone,57906_000718_Endzone.mp4,36,622,18,253,21,0.9994680881500244
57906,718,Endzone,57906_000718_Endzone.mp4,37,622,20,251,22,0.9989109039306641
57906,718,Endzone,57906_000718_Endzone.mp4,38,621,20,249,22,0.9781168103218079
57906,718,Endzone,57906_000718_Endzone.mp4,38,812,19,275,14,0.94281005859375
57906,718,Endzone,57906_000718_Endzone.mp4,38,822,18,270,19,0.9251723289489746
57906,718,Endzone,57906_000718_Endzone.mp4,39,812,19,274,14,0.9134496450424194
57906,718,Endzone,57906_000718_Endzone.mp4,39,620,20,248,21,0.9022171497344971
57906,718,Endzone,57906_000718_Endzone.mp4,40,803,17,270,12,0.9667490124702454
57906,718,Endzone,57906_000718_Endzone.mp4,40,619,21,248,21,0.9463308453559875
57906,718,Endzone,57906_000718_Endzone.mp4,41,366,17,283,15,0.9969743490219116
57906,718,Endzone,57906_000718_Endzone.mp4,41,355,18,266,24,0.9953973293304443
57906,718,Endzone,57906_000718_Endzone.mp4,41,803,17,270,13,0.8810557723045349
57906,718,Endzone,57906_000718_Endzone.mp4,41,618,20,247,20,0.8794867992401123
57906,718,Endzone,57906_000718_Endzone.mp4,42,367,17,284,15,0.9956084489822388
57906,718,Endzone,57906_000718_Endzone.mp4,42,358,15,270,22,0.9950004816055298
57906,718,Endzone,57906_000718_Endzone.mp4,43,369,17,284,15,0.9963831305503845
57906,718,Endzone,57906_000718_Endzone.mp4,43,940,22,285,18,0.9916317462921143
57906,718,Endzone,57906_000718_Endzone.mp4,43,362,14,271,20,0.9768325686454773
57906,718,Endzone,57906_000718_Endzone.mp4,43,966,22,280,26,0.8597129583358765
57906,718,Endzone,57906_000718_Endzone.mp4,44,943,22,286,17,0.9994609355926514
57906,718,Endzone,57906_000718_Endzone.mp4,44,372,16,284,12,0.998271107673645
57906,718,Endzone,57906_000718_Endzone.mp4,44,965,21,283,26,0.9931676387786865
57906,718,Endzone,57906_000718_Endzone.mp4,44,365,14,272,21,0.9166429042816162
57906,718,Endzone,57906_000718_Endzone.mp4,45,946,21,286,18,0.9995980262756348
57906,718,Endzone,57906_000718_Endzone.mp4,45,965,20,284,26,0.9989449977874756
57906,718,Endzone,57906_000718_Endzone.mp4,45,366,16,270,22,0.9976209402084351
57906,718,Endzone,57906_000718_Endzone.mp4,45,375,16,283,13,0.9974037408828735
57906,718,Endzone,57906_000718_Endzone.mp4,46,947,20,286,17,0.9992225766181946
57906,718,Endzone,57906_000718_Endzone.mp4,46,966,21,287,25,0.9978604316711426
57906,718,Endzone,57906_000718_Endzone.mp4,46,369,17,268,23,0.9973556995391846
57906,718,Endzone,57906_000718_Endzone.mp4,46,378,17,282,14,0.9966385364532471
57906,718,Endzone,57906_000718_Endzone.mp4,46,481,19,267,17,0.8850241303443909
57906,718,Endzone,57906_000718_Endzone.mp4,47,949,21,285,17,0.9983828663825989
57906,718,Endzone,57906_000718_Endzone.mp4,47,967,23,288,24,0.9974300265312195
57906,718,Endzone,57906_000718_Endzone.mp4,47,484,18,267,16,0.9942846298217773
57906,718,Endzone,57906_000718_Endzone.mp4,47,379,19,279,16,0.989120602607727
57906,718,Endzone,57906_000718_Endzone.mp4,47,372,22,265,24,0.979413628578186
57906,718,Endzone,57906_000718_Endzone.mp4,48,951,21,284,17,0.9987251162528992
57906,718,Endzone,57906_000718_Endzone.mp4,48,970,23,287,25,0.9974974393844604
57906,718,Endzone,57906_000718_Endzone.mp4,48,486,18,266,16,0.989228367805481
57906,718,Endzone,57906_000718_Endzone.mp4,49,953,22,283,18,0.998155415058136
57906,718,Endzone,57906_000718_Endzone.mp4,49,972,23,288,25,0.9970971345901489
57906,718,Endzone,57906_000718_Endzone.mp4,49,488,19,266,16,0.9773640632629395
57906,718,Endzone,57906_000718_Endzone.mp4,50,975,23,288,26,0.9986239075660706
57906,718,Endzone,57906_000718_Endzone.mp4,50,956,22,283,19,0.9982843995094299
57906,718,Endzone,57906_000718_Endzone.mp4,50,489,19,265,16,0.9653620719909668
57906,718,Endzone,57906_000718_Endzone.mp4,51,976,23,288,27,0.9983314275741577
57906,718,Endzone,57906_000718_Endzone.mp4,51,958,22,283,19,0.9968084096908569
57906,718,Endzone,57906_000718_Endzone.mp4,51,492,19,265,16,0.9669966101646423
57906,718,Endzone,57906_000718_Endzone.mp4,52,978,22,289,26,0.9970601797103882
57906,718,Endzone,57906_000718_Endzone.mp4,52,960,22,283,20,0.9964684247970581
57906,718,Endzone,57906_000718_Endzone.mp4,53,978,22,290,26,0.9982943534851074
57906,718,Endzone,57906_000718_Endzone.mp4,53,962,21,283,20,0.98236083984375
57906,718,Endzone,57906_000718_Endzone.mp4,54,979,22,290,26,0.9987000226974487
57906,718,Endzone,57906_000718_Endzone.mp4,54,963,21,284,20,0.9744543433189392
57906,718,Endzone,57906_000718_Endzone.mp4,55,979,22,291,27,0.9964114427566528
57906,718,Endzone,57906_000718_Endzone.mp4,55,963,22,284,20,0.9502547979354858
57906,718,Endzone,57906_000718_Endzone.mp4,56,979,22,291,27,0.992540717124939
57906,718,Endzone,57906_000718_Endzone.mp4,56,963,23,284,20,0.9356129169464111
57906,718,Endzone,57906_000718_Endzone.mp4,57,979,22,292,27,0.9947727918624878
57906,718,Endzone,57906_000718_Endzone.mp4,57,962,23,285,20,0.9449511766433716
57906,718,Endzone,57906_000718_Endzone.mp4,58,979,22,293,27,0.9973869323730469
57906,718,Endzone,57906_000718_Endzone.mp4,58,963,23,285,21,0.9836578369140625
57906,718,Endzone,57906_000718_Endzone.mp4,59,979,22,294,27,0.965121328830719
57906,718,Endzone,57906_000718_Endzone.mp4,60,979,23,295,27,0.8534131050109863
57906,718,Endzone,57906_000718_Endzone.mp4,61,979,22,295,27,0.938399076461792
57906,718,Endzone,57906_000718_Endzone.mp4,97,771,22,288,21,0.9781070947647095
57906,718,Endzone,57906_000718_Endzone.mp4,98,775,22,290,20,0.9915627241134644
57906,718,Endzone,57906_000718_Endzone.mp4,99,779,21,290,20,0.99891197681427
57906,718,Endzone,57906_000718_Endzone.mp4,100,782,20,292,20,0.9989473819732666
57906,718,Endzone,57906_000718_Endzone.mp4,101,785,19,293,20,0.9960485696792603
57906,718,Endzone,57906_000718_Endzone.mp4,102,786,19,293,19,0.9983781576156616
57906,718,Endzone,57906_000718_Endzone.mp4,103,787,20,293,19,0.9990252256393433
57906,718,Endzone,57906_000718_Endzone.mp4,104,788,20,294,19,0.999580442905426
57906,718,Endzone,57906_000718_Endzone.mp4,105,789,19,295,19,0.9997197389602661
57906,718,Endzone,57906_000718_Endzone.mp4,106,791,18,296,20,0.9972354173660278
57906,718,Endzone,57906_000718_Endzone.mp4,107,868,18,269,25,0.9976595640182495
57906,718,Endzone,57906_000718_Endzone.mp4,108,870,17,271,21,0.9985363483428955
57906,718,Endzone,57906_000718_Endzone.mp4,108,848,18,276,14,0.9905419945716858
57906,718,Endzone,57906_000718_Endzone.mp4,109,871,17,272,19,0.9990509748458862
57906,718,Endzone,57906_000718_Endzone.mp4,109,850,18,273,14,0.9407708644866943
57906,718,Endzone,57906_000718_Endzone.mp4,110,873,18,272,19,0.9995955228805542
57906,718,Endzone,57906_000718_Endzone.mp4,110,853,20,270,16,0.989439070224762
57906,718,Endzone,57906_000718_Endzone.mp4,111,875,17,271,18,0.9995450973510742
57906,718,Endzone,57906_000718_Endzone.mp4,111,855,19,267,16,0.979445219039917
57906,718,Endzone,57906_000718_Endzone.mp4,112,879,16,268,19,0.9996010065078735
57906,718,Endzone,57906_000718_Endzone.mp4,112,860,19,265,18,0.9914910197257996
57906,718,Endzone,57906_000718_Endzone.mp4,113,881,15,267,17,0.9988542795181274
57906,718,Endzone,57906_000718_Endzone.mp4,113,862,19,264,17,0.9647005200386047
57906,718,Endzone,57906_000718_Endzone.mp4,114,883,15,266,14,0.9990171194076538
57906,718,Endzone,57906_000718_Endzone.mp4,114,865,19,262,17,0.9425835609436035
57906,718,Endzone,57906_000718_Endzone.mp4,115,885,13,266,13,0.9954301714897156
57906,718,Endzone,57906_000718_Endzone.mp4,115,867,19,261,17,0.9803765416145325
57906,718,Endzone,57906_000718_Endzone.mp4,116,887,12,265,12,0.9695115089416504
57906,718,Endzone,57906_000718_Endzone.mp4,120,733,22,252,20,0.891069769859314
57906,718,Endzone,57906_000718_Endzone.mp4,127,739,20,258,19,0.8678989410400391
57906,718,Endzone,57906_000718_Endzone.mp4,128,739,20,260,19,0.9978768229484558
57906,718,Endzone,57906_000718_Endzone.mp4,129,738,19,262,18,0.9976128339767456
57906,718,Endzone,57906_000718_Endzone.mp4,129,732,17,252,18,0.8599611520767212
57906,718,Endzone,57906_000718_Endzone.mp4,148,729,22,268,18,0.8748994469642639
57906,718,Endzone,57906_000718_Endzone.mp4,167,766,22,411,25,0.9767892956733704
57906,718,Endzone,57906_000718_Endzone.mp4,168,763,24,413,27,0.9910471439361572
57906,718,Endzone,57906_000718_Endzone.mp4,182,812,18,260,17,0.9909964799880981
57906,718,Endzone,57906_000718_Endzone.mp4,182,832,19,257,24,0.9693015813827515
57906,718,Endzone,57906_000718_Endzone.mp4,183,812,18,261,17,0.9963061809539795
57906,718,Endzone,57906_000718_Endzone.mp4,183,830,18,257,25,0.9925124645233154
57906,718,Endzone,57906_000718_Endzone.mp4,184,812,17,262,16,0.9970635175704956
57906,718,Endzone,57906_000718_Endzone.mp4,184,829,18,258,24,0.9861181974411011
57906,718,Endzone,57906_000718_Endzone.mp4,185,829,15,259,23,0.9663198590278625
57906,718,Endzone,57906_000718_Endzone.mp4,185,811,19,261,16,0.9645400047302246
57906,718,Endzone,57906_000718_Endzone.mp4,186,811,19,261,17,0.9425466060638428
57906,718,Endzone,57906_000718_Endzone.mp4,186,828,11,259,21,0.9230758547782898
57906,718,Endzone,57906_000718_Endzone.mp4,187,829,19,262,18,0.9954438805580139
57906,718,Endzone,57906_000718_Endzone.mp4,187,811,19,260,17,0.9426774978637695
57906,718,Endzone,57906_000718_Endzone.mp4,188,829,19,259,22,0.8831284046173096
57906,718,Endzone,57906_000718_Endzone.mp4,189,811,15,260,17,0.9855217933654785
57906,718,Endzone,57906_000718_Endzone.mp4,190,810,12,261,15,0.9877485632896423
57906,718,Endzone,57906_000718_Endzone.mp4,191,811,8,261,13,0.9632853269577026
57906,718,Endzone,57906_000718_Endzone.mp4,192,810,18,263,12,0.8806843161582947
57906,718,Endzone,57906_000718_Endzone.mp4,193,818,11,263,17,0.9685797691345215
57906,718,Endzone,57906_000718_Endzone.mp4,194,814,13,263,18,0.9494583010673523
57906,718,Endzone,57906_000718_Endzone.mp4,195,809,18,264,17,0.9722326993942261
57906,718,Endzone,57906_000718_Endzone.mp4,196,414,22,227,16,0.9812396764755249
57906,718,Endzone,57906_000718_Endzone.mp4,196,806,19,263,17,0.9493600130081177
57906,718,Endzone,57906_000718_Endzone.mp4,197,411,22,225,17,0.8762904405593872
57906,718,Endzone,57906_000718_Endzone.mp4,201,818,19,263,22,0.8892964720726013
57906,718,Endzone,57906_000718_Endzone.mp4,201,804,16,264,16,0.8543124198913574
57906,718,Endzone,57906_000718_Endzone.mp4,204,801,16,268,16,0.9225877523422241
57906,718,Endzone,57906_000718_Endzone.mp4,208,839,17,267,19,0.8749420642852783
57906,718,Endzone,57906_000718_Endzone.mp4,209,817,20,265,22,0.8916614651679993
57906,718,Endzone,57906_000718_Endzone.mp4,210,837,17,268,18,0.8911898136138916
57906,718,Endzone,57906_000718_Endzone.mp4,211,816,20,266,23,0.9741133451461792
57906,718,Endzone,57906_000718_Endzone.mp4,212,816,20,267,22,0.9423802495002747
57906,718,Endzone,57906_000718_Endzone.mp4,213,816,19,268,21,0.9681705832481384
57906,718,Endzone,57906_000718_Endzone.mp4,214,817,19,269,21,0.9484015703201294
57906,718,Endzone,57906_000718_Endzone.mp4,215,816,18,270,20,0.976119339466095
57906,718,Endzone,57906_000718_Endzone.mp4,220,819,18,277,20,0.9222195148468018
57906,718,Endzone,57906_000718_Endzone.mp4,221,820,18,279,20,0.9872052669525146
57906,718,Endzone,57906_000718_Endzone.mp4,222,822,17,281,19,0.9974370002746582
57906,718,Endzone,57906_000718_Endzone.mp4,223,823,17,283,19,0.9995473623275757
57906,718,Endzone,57906_000718_Endzone.mp4,224,823,16,285,17,0.9980225563049316
57906,718,Endzone,57906_000718_Endzone.mp4,225,825,15,287,18,0.9979418516159058
57906,718,Endzone,57906_000718_Endzone.mp4,226,826,15,289,19,0.9976978302001953
57906,718,Endzone,57906_000718_Endzone.mp4,227,826,15,291,20,0.9604068398475647
57906,718,Endzone,57906_000718_Endzone.mp4,228,828,16,293,19,0.9804728031158447
57906,718,Endzone,57906_000718_Endzone.mp4,242,798,18,91,18,0.9930267930030823
57906,718,Endzone,57906_000718_Endzone.mp4,242,772,18,92,26,0.9839743375778198
57906,718,Endzone,57906_000718_Endzone.mp4,243,771,17,94,27,0.9976623058319092
57906,718,Endzone,57906_000718_Endzone.mp4,243,787,18,94,15,0.9297307729721069
57906,718,Endzone,57906_000718_Endzone.mp4,244,764,17,102,22,0.9876697659492493
57906,718,Endzone,57906_000718_Endzone.mp4,245,755,21,100,24,0.9978760480880737
57906,718,Endzone,57906_000718_Endzone.mp4,245,772,16,92,15,0.885812520980835
57906,718,Endzone,57906_000718_Endzone.mp4,246,748,20,103,24,0.9980764389038086
57906,718,Endzone,57906_000718_Endzone.mp4,247,742,18,106,24,0.9974637031555176
57906,718,Endzone,57906_000718_Endzone.mp4,247,753,16,91,17,0.8727876543998718
57906,718,Endzone,57906_000718_Endzone.mp4,248,746,19,90,18,0.9889017343521118
57906,718,Endzone,57906_000718_Endzone.mp4,248,736,19,111,23,0.9097498059272766
57906,718,Endzone,57906_000718_Endzone.mp4,249,738,20,89,18,0.8552300930023193
57906,718,Endzone,57906_000718_Endzone.mp4,287,825,14,319,12,0.9682958126068115
57906,718,Endzone,57906_000718_Endzone.mp4,288,828,13,320,13,0.9958539009094238
57906,718,Endzone,57906_000718_Endzone.mp4,289,829,14,319,13,0.9933825731277466
57906,718,Endzone,57906_000718_Endzone.mp4,290,829,14,319,14,0.9944055080413818
57906,718,Endzone,57906_000718_Endzone.mp4,293,503,18,185,22,0.9814128279685974
57906,718,Endzone,57906_000718_Endzone.mp4,299,492,18,183,19,0.8919564485549927
57906,718,Endzone,57906_000718_Endzone.mp4,301,476,20,183,20,0.9329737424850464
57995,109,Endzone,57995_000109_Endzone.mp4,28,664,22,287,25,0.9914360046386719
57995,109,Endzone,57995_000109_Endzone.mp4,29,664,19,286,23,0.9989427924156189
57995,109,Endzone,57995_000109_Endzone.mp4,29,645,21,291,17,0.9960428476333618
57995,109,Endzone,57995_000109_Endzone.mp4,30,647,21,290,16,0.9996098279953003
57995,109,Endzone,57995_000109_Endzone.mp4,30,662,19,285,21,0.9812430739402771
57995,109,Endzone,57995_000109_Endzone.mp4,31,652,19,289,16,0.9987204670906067
57995,109,Endzone,57995_000109_Endzone.mp4,31,658,18,286,19,0.9425246715545654
57995,109,Endzone,57995_000109_Endzone.mp4,32,652,20,289,16,0.9991440176963806
57995,109,Endzone,57995_000109_Endzone.mp4,33,652,22,289,15,0.9955276250839233
57995,109,Endzone,57995_000109_Endzone.mp4,34,657,20,288,15,0.999407172203064
57995,109,Endzone,57995_000109_Endzone.mp4,34,645,15,287,14,0.9882912039756775
57995,109,Endzone,57995_000109_Endzone.mp4,35,661,19,287,16,0.998602032661438
57995,109,Endzone,57995_000109_Endzone.mp4,35,646,16,287,14,0.9953896999359131
57995,109,Endzone,57995_000109_Endzone.mp4,36,662,21,287,16,0.9993792772293091
57995,109,Endzone,57995_000109_Endzone.mp4,36,646,17,287,14,0.9931862354278564
57995,109,Endzone,57995_000109_Endzone.mp4,37,662,22,287,17,0.998308002948761
57995,109,Endzone,57995_000109_Endzone.mp4,37,648,16,287,14,0.9495862722396851
57995,109,Endzone,57995_000109_Endzone.mp4,38,648,17,288,13,0.9901357889175415
57995,109,Endzone,57995_000109_Endzone.mp4,38,664,21,286,18,0.9538399577140808
57995,109,Endzone,57995_000109_Endzone.mp4,39,649,19,286,15,0.9456078410148621
57995,109,Endzone,57995_000109_Endzone.mp4,40,911,23,286,20,0.9921892285346985
57995,109,Endzone,57995_000109_Endzone.mp4,40,933,22,280,29,0.9627437591552734
57995,109,Endzone,57995_000109_Endzone.mp4,41,914,22,286,20,0.9994379281997681
57995,109,Endzone,57995_000109_Endzone.mp4,41,935,22,281,29,0.9987826347351074
57995,109,Endzone,57995_000109_Endzone.mp4,42,917,21,285,20,0.9998518824577332
57995,109,Endzone,57995_000109_Endzone.mp4,42,936,20,281,28,0.9994620084762573
57995,109,Endzone,57995_000109_Endzone.mp4,43,918,22,285,20,0.9997352361679077
57995,109,Endzone,57995_000109_Endzone.mp4,43,938,20,282,28,0.9988802671432495
57995,109,Endzone,57995_000109_Endzone.mp4,44,918,22,283,20,0.9996936321258545
57995,109,Endzone,57995_000109_Endzone.mp4,44,939,19,284,25,0.9972525835037231
57995,109,Endzone,57995_000109_Endzone.mp4,44,468,21,283,29,0.9860506057739258
57995,109,Endzone,57995_000109_Endzone.mp4,45,469,23,283,29,0.9992595911026001
57995,109,Endzone,57995_000109_Endzone.mp4,45,918,22,281,20,0.9972789287567139
57995,109,Endzone,57995_000109_Endzone.mp4,45,941,19,283,25,0.9533126950263977
57995,109,Endzone,57995_000109_Endzone.mp4,45,494,21,278,17,0.8991485834121704
57995,109,Endzone,57995_000109_Endzone.mp4,46,470,21,284,29,0.9986817240715027
57995,109,Endzone,57995_000109_Endzone.mp4,46,493,21,278,17,0.976439893245697
57995,109,Endzone,57995_000109_Endzone.mp4,46,919,22,279,21,0.9539796113967896
57995,109,Endzone,57995_000109_Endzone.mp4,47,472,21,285,28,0.9987205266952515
57995,109,Endzone,57995_000109_Endzone.mp4,47,494,21,278,17,0.9572985172271729
57995,109,Endzone,57995_000109_Endzone.mp4,48,473,21,286,31,0.9982354044914246
57995,109,Endzone,57995_000109_Endzone.mp4,48,494,21,278,17,0.9686961770057678
57995,109,Endzone,57995_000109_Endzone.mp4,49,474,20,286,31,0.9962021112442017
57995,109,Endzone,57995_000109_Endzone.mp4,49,495,20,278,16,0.9541040062904358
57995,109,Endzone,57995_000109_Endzone.mp4,50,476,20,286,31,0.9958984851837158
57995,109,Endzone,57995_000109_Endzone.mp4,50,496,20,279,16,0.927846372127533
57995,109,Endzone,57995_000109_Endzone.mp4,51,476,20,286,31,0.9950217008590698
57995,109,Endzone,57995_000109_Endzone.mp4,51,495,20,278,16,0.8908684253692627
57995,109,Endzone,57995_000109_Endzone.mp4,52,476,19,286,29,0.9368299245834351
57995,109,Endzone,57995_000109_Endzone.mp4,52,494,20,278,16,0.9006807208061218
57995,109,Endzone,57995_000109_Endzone.mp4,53,150,23,285,29,0.9685375690460205
57995,109,Endzone,57995_000109_Endzone.mp4,53,475,19,285,28,0.8877248167991638
57995,109,Endzone,57995_000109_Endzone.mp4,54,151,22,286,29,0.9989707469940186
57995,109,Endzone,57995_000109_Endzone.mp4,54,169,21,291,23,0.9910550117492676
57995,109,Endzone,57995_000109_Endzone.mp4,55,152,20,286,29,0.9994090795516968
57995,109,Endzone,57995_000109_Endzone.mp4,55,167,22,291,22,0.9976366758346558
57995,109,Endzone,57995_000109_Endzone.mp4,56,153,19,287,29,0.9995166659355164
57995,109,Endzone,57995_000109_Endzone.mp4,56,167,21,290,23,0.9985555410385132
57995,109,Endzone,57995_000109_Endzone.mp4,56,1085,22,280,27,0.9782767295837402
57995,109,Endzone,57995_000109_Endzone.mp4,57,166,21,289,23,0.9976009130477905
57995,109,Endzone,57995_000109_Endzone.mp4,57,1086,20,280,26,0.9961852431297302
57995,109,Endzone,57995_000109_Endzone.mp4,57,153,19,286,29,0.9724514484405518
57995,109,Endzone,57995_000109_Endzone.mp4,58,152,20,285,30,0.9991387128829956
57995,109,Endzone,57995_000109_Endzone.mp4,58,166,21,288,24,0.9989209175109863
57995,109,Endzone,57995_000109_Endzone.mp4,58,1086,18,281,24,0.9913915395736694
57995,109,Endzone,57995_000109_Endzone.mp4,58,1065,23,280,23,0.9159739017486572
57995,109,Endzone,57995_000109_Endzone.mp4,59,164,21,287,26,0.9954825639724731
57995,109,Endzone,57995_000109_Endzone.mp4,59,1087,16,284,22,0.985400915145874
57995,109,Endzone,57995_000109_Endzone.mp4,59,1067,23,280,23,0.9829926490783691
57995,109,Endzone,57995_000109_Endzone.mp4,59,153,19,285,28,0.9758216142654419
57995,109,Endzone,57995_000109_Endzone.mp4,60,162,23,287,25,0.9955278038978577
57995,109,Endzone,57995_000109_Endzone.mp4,60,152,19,282,30,0.9885643124580383
57995,109,Endzone,57995_000109_Endzone.mp4,60,1067,23,279,23,0.9883376359939575
57995,109,Endzone,57995_000109_Endzone.mp4,60,1088,12,284,20,0.9647743701934814
57995,109,Endzone,57995_000109_Endzone.mp4,61,470,20,283,19,0.9578467607498169
57995,109,Endzone,57995_000109_Endzone.mp4,61,150,19,283,29,0.9362930655479431
57995,109,Endzone,57995_000109_Endzone.mp4,61,1088,9,284,19,0.9182518720626831
57995,109,Endzone,57995_000109_Endzone.mp4,61,162,23,286,25,0.863123893737793
57995,109,Endzone,57995_000109_Endzone.mp4,62,469,21,283,17,0.9968324303627014
57995,109,Endzone,57995_000109_Endzone.mp4,62,444,18,283,10,0.9899907112121582
57995,109,Endzone,57995_000109_Endzone.mp4,62,1068,25,278,23,0.9208560585975647
57995,109,Endzone,57995_000109_Endzone.mp4,63,469,19,284,14,0.9963181018829346
57995,109,Endzone,57995_000109_Endzone.mp4,63,447,18,284,10,0.9952183961868286
57995,109,Endzone,57995_000109_Endzone.mp4,63,1068,26,278,24,0.8739440441131592
57995,109,Endzone,57995_000109_Endzone.mp4,64,470,17,284,14,0.9980423450469971
57995,109,Endzone,57995_000109_Endzone.mp4,64,449,17,284,11,0.99051433801651
57995,109,Endzone,57995_000109_Endzone.mp4,64,1069,26,278,23,0.9332262277603149
57995,109,Endzone,57995_000109_Endzone.mp4,65,450,17,284,11,0.9927511215209961
57995,109,Endzone,57995_000109_Endzone.mp4,65,471,17,284,14,0.9602440595626831
57995,109,Endzone,57995_000109_Endzone.mp4,66,449,18,284,13,0.9948731064796448
57995,109,Endzone,57995_000109_Endzone.mp4,66,471,17,283,13,0.979050874710083
57995,109,Endzone,57995_000109_Endzone.mp4,67,449,18,283,13,0.9980334043502808
57995,109,Endzone,57995_000109_Endzone.mp4,67,471,17,282,12,0.9879822731018066
57995,109,Endzone,57995_000109_Endzone.mp4,68,449,18,280,15,0.9945268034934998
57995,109,Endzone,57995_000109_Endzone.mp4,68,471,18,280,12,0.8799030780792236
57995,109,Endzone,57995_000109_Endzone.mp4,69,449,18,279,15,0.9962589740753174
57995,109,Endzone,57995_000109_Endzone.mp4,69,471,18,279,12,0.9575458765029907
57995,109,Endzone,57995_000109_Endzone.mp4,70,449,19,278,15,0.9980754852294922
57995,109,Endzone,57995_000109_Endzone.mp4,70,471,16,278,10,0.9022802114486694
57995,109,Endzone,57995_000109_Endzone.mp4,71,447,20,276,16,0.9703150987625122
57995,109,Endzone,57995_000109_Endzone.mp4,102,429,13,281,15,0.9743576049804688
57995,109,Endzone,57995_000109_Endzone.mp4,103,430,11,282,15,0.9441460371017456
57995,109,Endzone,57995_000109_Endzone.mp4,104,430,10,284,14,0.9932881593704224
57995,109,Endzone,57995_000109_Endzone.mp4,105,430,9,285,13,0.9783725738525391
57995,109,Endzone,57995_000109_Endzone.mp4,107,431,22,270,20,0.8545476198196411
57995,109,Endzone,57995_000109_Endzone.mp4,108,431,22,271,20,0.8896075487136841
57995,109,Endzone,57995_000109_Endzone.mp4,110,427,9,286,13,0.8725156784057617
57995,109,Endzone,57995_000109_Endzone.mp4,115,705,19,255,15,0.9712320566177368
57995,109,Endzone,57995_000109_Endzone.mp4,115,709,19,243,20,0.9332887530326843
57995,109,Endzone,57995_000109_Endzone.mp4,116,705,18,255,15,0.9973848462104797
57995,109,Endzone,57995_000109_Endzone.mp4,116,709,19,244,20,0.9950963258743286
57995,109,Endzone,57995_000109_Endzone.mp4,117,705,18,255,15,0.9983419179916382
57995,109,Endzone,57995_000109_Endzone.mp4,117,709,18,244,19,0.9955615401268005
57995,109,Endzone,57995_000109_Endzone.mp4,118,705,17,254,16,0.9926267862319946
57995,109,Endzone,57995_000109_Endzone.mp4,118,710,18,244,19,0.987136721611023
57995,109,Endzone,57995_000109_Endzone.mp4,119,705,18,253,16,0.9956369400024414
57995,109,Endzone,57995_000109_Endzone.mp4,119,710,18,245,18,0.9883360862731934
57995,109,Endzone,57995_000109_Endzone.mp4,120,706,17,253,16,0.997599720954895
57995,109,Endzone,57995_000109_Endzone.mp4,120,711,17,246,18,0.9831474423408508
57995,109,Endzone,57995_000109_Endzone.mp4,121,706,18,254,15,0.9980807304382324
57995,109,Endzone,57995_000109_Endzone.mp4,121,713,16,247,17,0.9815082550048828
57995,109,Endzone,57995_000109_Endzone.mp4,122,708,17,254,15,0.9887743592262268
57995,109,Endzone,57995_000109_Endzone.mp4,122,716,15,247,17,0.874671459197998
57995,109,Endzone,57995_000109_Endzone.mp4,123,708,18,254,15,0.9961159229278564
57995,109,Endzone,57995_000109_Endzone.mp4,123,716,16,248,17,0.9349557161331177
57995,109,Endzone,57995_000109_Endzone.mp4,124,710,18,254,16,0.9976663589477539
57995,109,Endzone,57995_000109_Endzone.mp4,124,718,15,248,17,0.9462039470672607
57995,109,Endzone,57995_000109_Endzone.mp4,125,711,18,254,15,0.9987286329269409
57995,109,Endzone,57995_000109_Endzone.mp4,125,721,14,250,15,0.9910513162612915
57995,109,Endzone,57995_000109_Endzone.mp4,126,712,18,255,14,0.9992550611495972
57995,109,Endzone,57995_000109_Endzone.mp4,126,722,13,251,14,0.9892510771751404
57995,109,Endzone,57995_000109_Endzone.mp4,127,712,18,255,14,0.999163031578064
57995,109,Endzone,57995_000109_Endzone.mp4,127,722,13,252,13,0.9744904041290283
57995,109,Endzone,57995_000109_Endzone.mp4,128,713,18,255,14,0.9992952346801758
57995,109,Endzone,57995_000109_Endzone.mp4,128,723,13,252,13,0.9840943813323975
57995,109,Endzone,57995_000109_Endzone.mp4,129,714,18,255,14,0.9991401433944702
57995,109,Endzone,57995_000109_Endzone.mp4,129,724,12,253,13,0.9556102752685547
57995,109,Endzone,57995_000109_Endzone.mp4,130,715,18,255,15,0.9995754361152649
57995,109,Endzone,57995_000109_Endzone.mp4,130,725,13,252,14,0.9874658584594727
57995,109,Endzone,57995_000109_Endzone.mp4,131,716,18,255,15,0.9988933801651001
57995,109,Endzone,57995_000109_Endzone.mp4,131,725,14,251,14,0.9919182658195496
57995,109,Endzone,57995_000109_Endzone.mp4,132,717,18,255,16,0.9981595277786255
57995,109,Endzone,57995_000109_Endzone.mp4,132,725,14,251,14,0.9774235486984253
57995,109,Endzone,57995_000109_Endzone.mp4,133,719,17,254,16,0.9979863166809082
57995,109,Endzone,57995_000109_Endzone.mp4,134,721,18,251,17,0.9962378740310669
57995,109,Endzone,57995_000109_Endzone.mp4,135,723,17,250,17,0.9914469718933105
57995,109,Endzone,57995_000109_Endzone.mp4,136,724,18,247,19,0.9744991064071655
57995,109,Endzone,57995_000109_Endzone.mp4,173,476,18,286,16,0.9490931034088135
57995,109,Endzone,57995_000109_Endzone.mp4,174,477,18,285,16,0.9404756426811218
57995,109,Endzone,57995_000109_Endzone.mp4,176,481,19,284,18,0.9183754920959473
57995,109,Endzone,57995_000109_Endzone.mp4,177,482,19,283,19,0.9844664335250854
57995,109,Endzone,57995_000109_Endzone.mp4,178,484,19,283,19,0.9931442737579346
57995,109,Endzone,57995_000109_Endzone.mp4,180,487,18,284,19,0.9900857210159302
57995,109,Endzone,57995_000109_Endzone.mp4,181,489,18,284,18,0.978797972202301
57995,109,Endzone,57995_000109_Endzone.mp4,203,821,21,249,19,0.8839446306228638
57995,109,Endzone,57995_000109_Endzone.mp4,348,359,17,293,17,0.9106866121292114
57995,109,Endzone,57995_000109_Endzone.mp4,349,357,16,295,17,0.9957659840583801
57995,109,Endzone,57995_000109_Endzone.mp4,350,354,17,296,18,0.9663958549499512
57995,109,Endzone,57995_000109_Endzone.mp4,351,352,16,297,20,0.9899373054504395
57995,109,Endzone,57995_000109_Endzone.mp4,352,350,17,298,21,0.9467008113861084
57995,109,Endzone,57995_000109_Endzone.mp4,353,349,18,299,18,0.9953159093856812
57995,109,Endzone,57995_000109_Endzone.mp4,354,349,17,299,18,0.900658130645752
57995,109,Endzone,57995_000109_Endzone.mp4,360,341,14,300,17,0.9762132167816162
57995,109,Endzone,57995_000109_Endzone.mp4,363,333,18,303,17,0.9720137119293213
57995,109,Endzone,57995_000109_Endzone.mp4,371,323,18,303,20,0.9565922021865845
57995,109,Endzone,57995_000109_Endzone.mp4,372,323,18,303,20,0.8960937857627869
57995,109,Endzone,57995_000109_Endzone.mp4,374,323,15,298,10,0.9125106334686279
57995,109,Endzone,57995_000109_Endzone.mp4,375,323,14,297,11,0.9729546308517456
57995,109,Endzone,57995_000109_Endzone.mp4,375,319,18,305,18,0.9444224834442139
57995,109,Endzone,57995_000109_Endzone.mp4,376,321,14,297,12,0.9863606095314026
57995,109,Endzone,57995_000109_Endzone.mp4,376,320,17,307,16,0.9491671323776245
57995,109,Endzone,57995_000109_Endzone.mp4,377,319,16,297,15,0.8982346057891846
57995,109,Endzone,57995_000109_Endzone.mp4,378,319,16,297,16,0.8986815214157104
57995,109,Endzone,57995_000109_Endzone.mp4,387,317,17,296,16,0.9611483812332153
57995,109,Endzone,57995_000109_Endzone.mp4,389,316,18,298,16,0.9930039644241333
57995,109,Endzone,57995_000109_Endzone.mp4,390,315,18,298,17,0.9951491951942444
57995,109,Endzone,57995_000109_Endzone.mp4,391,315,18,299,17,0.9775118827819824
57995,109,Endzone,57995_000109_Endzone.mp4,392,315,17,301,16,0.9917195439338684
57995,109,Endzone,57995_000109_Endzone.mp4,393,316,17,302,16,0.9967329502105713
57995,109,Endzone,57995_000109_Endzone.mp4,393,320,17,312,15,0.9143660068511963
57995,109,Endzone,57995_000109_Endzone.mp4,394,317,16,303,15,0.8624274730682373
57995,109,Endzone,57995_000109_Endzone.mp4,395,319,15,302,13,0.969623327255249
57995,109,Endzone,57995_000109_Endzone.mp4,396,319,15,303,13,0.9955907464027405
57995,109,Endzone,57995_000109_Endzone.mp4,397,318,15,302,12,0.9968806505203247
57995,109,Endzone,57995_000109_Endzone.mp4,398,319,15,302,11,0.9955512285232544
57995,109,Endzone,57995_000109_Endzone.mp4,399,320,15,302,12,0.9977288246154785
57995,109,Endzone,57995_000109_Endzone.mp4,400,321,15,302,11,0.995993971824646
57995,109,Endzone,57995_000109_Endzone.mp4,401,322,14,302,11,0.9951549768447876
57995,109,Endzone,57995_000109_Endzone.mp4,402,324,15,303,11,0.9904460906982422
57995,109,Endzone,57995_000109_Endzone.mp4,403,325,15,302,11,0.9680343866348267
57995,109,Endzone,57995_000109_Endzone.mp4,404,329,15,302,13,0.9909580945968628
57995,109,Endzone,57995_000109_Endzone.mp4,405,329,15,302,13,0.9909797310829163
57995,109,Endzone,57995_000109_Endzone.mp4,406,329,16,302,12,0.9644096493721008
58102,2798,Sideline,58102_002798_Sideline.mp4,34,441,18,456,22,0.995431661605835
58102,2798,Sideline,58102_002798_Sideline.mp4,35,440,18,454,21,0.9994211196899414
58102,2798,Sideline,58102_002798_Sideline.mp4,35,419,21,455,23,0.886986494064331
58102,2798,Sideline,58102_002798_Sideline.mp4,36,440,17,452,22,0.9822753667831421
58102,2798,Sideline,58102_002798_Sideline.mp4,37,442,15,455,19,0.954525351524353
58102,2798,Sideline,58102_002798_Sideline.mp4,38,442,13,454,17,0.9341328144073486
58102,2798,Sideline,58102_002798_Sideline.mp4,39,427,21,456,22,0.9827547669410706
58102,2798,Sideline,58102_002798_Sideline.mp4,40,429,20,458,21,0.9973089098930359
58102,2798,Sideline,58102_002798_Sideline.mp4,46,392,18,338,22,0.9472466707229614
58102,2798,Sideline,58102_002798_Sideline.mp4,46,417,16,340,20,0.8700562715530396
58102,2798,Sideline,58102_002798_Sideline.mp4,47,415,16,340,20,0.9980380535125732
58102,2798,Sideline,58102_002798_Sideline.mp4,47,394,19,339,23,0.9921426773071289
58102,2798,Sideline,58102_002798_Sideline.mp4,47,412,17,403,18,0.9141908884048462
58102,2798,Sideline,58102_002798_Sideline.mp4,48,396,18,339,23,0.9995539784431458
58102,2798,Sideline,58102_002798_Sideline.mp4,48,414,16,341,20,0.9971753358840942
58102,2798,Sideline,58102_002798_Sideline.mp4,49,395,19,338,21,0.996755838394165
58102,2798,Sideline,58102_002798_Sideline.mp4,49,414,16,340,20,0.9198611974716187
58102,2798,Sideline,58102_002798_Sideline.mp4,49,409,17,401,15,0.9178857207298279
58102,2798,Sideline,58102_002798_Sideline.mp4,50,407,16,402,14,0.9986799955368042
58102,2798,Sideline,58102_002798_Sideline.mp4,50,412,17,340,19,0.9237796068191528
58102,2798,Sideline,58102_002798_Sideline.mp4,51,403,16,402,14,0.9988366365432739
58102,2798,Sideline,58102_002798_Sideline.mp4,51,383,18,395,24,0.9914783239364624
58102,2798,Sideline,58102_002798_Sideline.mp4,51,409,19,339,19,0.9487395882606506
58102,2798,Sideline,58102_002798_Sideline.mp4,52,382,17,395,23,0.9996472597122192
58102,2798,Sideline,58102_002798_Sideline.mp4,52,398,16,401,15,0.9994838237762451
58102,2798,Sideline,58102_002798_Sideline.mp4,53,397,16,401,15,0.9996284246444702
58102,2798,Sideline,58102_002798_Sideline.mp4,53,380,17,395,24,0.9993106126785278
58102,2798,Sideline,58102_002798_Sideline.mp4,54,395,16,400,15,0.9987671375274658
58102,2798,Sideline,58102_002798_Sideline.mp4,54,377,19,394,25,0.9734804034233093
58102,2798,Sideline,58102_002798_Sideline.mp4,55,393,17,400,15,0.9879119396209717
58102,2798,Sideline,58102_002798_Sideline.mp4,55,373,19,392,22,0.9140849709510803
58102,2798,Sideline,58102_002798_Sideline.mp4,57,388,17,398,16,0.9824959635734558
58102,2798,Sideline,58102_002798_Sideline.mp4,58,384,17,398,16,0.9463838338851929
58102,2798,Sideline,58102_002798_Sideline.mp4,99,498,14,258,16,0.9875998497009277
58102,2798,Sideline,58102_002798_Sideline.mp4,99,486,16,247,16,0.9763683080673218
58102,2798,Sideline,58102_002798_Sideline.mp4,100,494,14,257,17,0.9923855066299438
58102,2798,Sideline,58102_002798_Sideline.mp4,100,485,17,246,17,0.9795656204223633
58102,2798,Sideline,58102_002798_Sideline.mp4,101,491,13,256,15,0.9959596395492554
58102,2798,Sideline,58102_002798_Sideline.mp4,101,486,17,247,16,0.9517676830291748
58102,2798,Sideline,58102_002798_Sideline.mp4,102,486,14,256,15,0.99057537317276
58102,2798,Sideline,58102_002798_Sideline.mp4,102,487,17,247,14,0.9762771129608154
58102,2798,Sideline,58102_002798_Sideline.mp4,103,487,17,247,13,0.9722887277603149
58102,2798,Sideline,58102_002798_Sideline.mp4,103,485,14,257,15,0.9631786346435547
58102,2798,Sideline,58102_002798_Sideline.mp4,104,486,17,247,14,0.9551523923873901
58102,2798,Sideline,58102_002798_Sideline.mp4,105,485,16,247,13,0.9884675145149231
58102,2798,Sideline,58102_002798_Sideline.mp4,105,484,14,258,16,0.9610201716423035
58102,2798,Sideline,58102_002798_Sideline.mp4,106,481,17,247,19,0.9954019784927368
58102,2798,Sideline,58102_002798_Sideline.mp4,106,484,13,260,16,0.9549251794815063
58102,2798,Sideline,58102_002798_Sideline.mp4,107,479,16,247,17,0.9966152906417847
58102,2798,Sideline,58102_002798_Sideline.mp4,107,484,13,260,16,0.977433443069458
58102,2798,Sideline,58102_002798_Sideline.mp4,131,511,13,330,15,0.9896643161773682
58102,2798,Sideline,58102_002798_Sideline.mp4,132,593,15,371,21,0.9970571994781494
58102,2798,Sideline,58102_002798_Sideline.mp4,132,510,13,329,15,0.9866958856582642
58102,2798,Sideline,58102_002798_Sideline.mp4,132,608,14,378,16,0.9828242063522339
58102,2798,Sideline,58102_002798_Sideline.mp4,132,494,15,324,20,0.8771225214004517
58102,2798,Sideline,58102_002798_Sideline.mp4,133,594,16,371,20,0.9995133280754089
58102,2798,Sideline,58102_002798_Sideline.mp4,133,606,14,378,16,0.9974737763404846
58102,2798,Sideline,58102_002798_Sideline.mp4,133,508,13,329,15,0.9947702288627625
58102,2798,Sideline,58102_002798_Sideline.mp4,133,496,14,324,18,0.9648915529251099
58102,2798,Sideline,58102_002798_Sideline.mp4,134,594,15,370,19,0.9998601675033569
58102,2798,Sideline,58102_002798_Sideline.mp4,134,605,14,379,15,0.9970786571502686
58102,2798,Sideline,58102_002798_Sideline.mp4,134,507,13,328,15,0.9358965158462524
58102,2798,Sideline,58102_002798_Sideline.mp4,135,594,15,370,19,0.9998610019683838
58102,2798,Sideline,58102_002798_Sideline.mp4,135,604,13,379,13,0.993883490562439
58102,2798,Sideline,58102_002798_Sideline.mp4,135,507,13,328,14,0.9116168022155762
58102,2798,Sideline,58102_002798_Sideline.mp4,136,594,15,369,19,0.9994766712188721
58102,2798,Sideline,58102_002798_Sideline.mp4,136,604,13,378,14,0.9918469190597534
58102,2798,Sideline,58102_002798_Sideline.mp4,136,507,13,327,14,0.9851805567741394
58102,2798,Sideline,58102_002798_Sideline.mp4,137,593,15,368,18,0.9991849660873413
58102,2798,Sideline,58102_002798_Sideline.mp4,137,604,13,378,13,0.9919023513793945
58102,2798,Sideline,58102_002798_Sideline.mp4,137,508,13,327,13,0.9913461208343506
58102,2798,Sideline,58102_002798_Sideline.mp4,138,592,16,368,20,0.9993540048599243
58102,2798,Sideline,58102_002798_Sideline.mp4,138,509,13,327,12,0.9823805689811707
58102,2798,Sideline,58102_002798_Sideline.mp4,138,604,12,379,12,0.9749346971511841
58102,2798,Sideline,58102_002798_Sideline.mp4,139,591,15,367,19,0.9977250099182129
58102,2798,Sideline,58102_002798_Sideline.mp4,139,603,13,377,13,0.9708471298217773
58102,2798,Sideline,58102_002798_Sideline.mp4,140,588,16,367,20,0.9895367622375488
58102,2798,Sideline,58102_002798_Sideline.mp4,141,586,16,367,20,0.9776815176010132
58102,2798,Sideline,58102_002798_Sideline.mp4,142,585,16,367,20,0.9806340932846069
58102,2798,Sideline,58102_002798_Sideline.mp4,143,584,16,367,19,0.987632155418396
58102,2798,Sideline,58102_002798_Sideline.mp4,144,581,16,367,19,0.8730367422103882
58102,2798,Sideline,58102_002798_Sideline.mp4,151,277,14,375,18,0.9897630214691162
58102,2798,Sideline,58102_002798_Sideline.mp4,152,280,14,374,18,0.9912906885147095
58102,2798,Sideline,58102_002798_Sideline.mp4,152,290,11,385,11,0.8950176239013672
58102,2798,Sideline,58102_002798_Sideline.mp4,153,283,14,374,17,0.9996330738067627
58102,2798,Sideline,58102_002798_Sideline.mp4,153,291,12,384,11,0.9959937930107117
58102,2798,Sideline,58102_002798_Sideline.mp4,154,284,15,373,16,0.9996764659881592
58102,2798,Sideline,58102_002798_Sideline.mp4,154,292,12,383,11,0.9947218894958496
58102,2798,Sideline,58102_002798_Sideline.mp4,155,294,12,382,11,0.9963011145591736
58102,2798,Sideline,58102_002798_Sideline.mp4,155,288,15,373,14,0.9935686588287354
58102,2798,Sideline,58102_002798_Sideline.mp4,156,291,14,373,12,0.9973481297492981
58102,2798,Sideline,58102_002798_Sideline.mp4,156,296,12,381,11,0.9954870939254761
58102,2798,Sideline,58102_002798_Sideline.mp4,157,293,15,374,12,0.9967121481895447
58102,2798,Sideline,58102_002798_Sideline.mp4,157,297,13,381,12,0.9963928461074829
58102,2798,Sideline,58102_002798_Sideline.mp4,158,295,15,374,14,0.998198926448822
58102,2798,Sideline,58102_002798_Sideline.mp4,158,300,13,381,12,0.9851200580596924
58102,2798,Sideline,58102_002798_Sideline.mp4,159,302,13,380,12,0.9922664165496826
58102,2798,Sideline,58102_002798_Sideline.mp4,159,298,15,375,15,0.9915969967842102
58102,2798,Sideline,58102_002798_Sideline.mp4,160,303,13,380,12,0.9632955193519592
58102,2798,Sideline,58102_002798_Sideline.mp4,160,300,15,375,14,0.9540046453475952
58102,2798,Sideline,58102_002798_Sideline.mp4,161,301,15,374,14,0.9874131083488464
58102,2798,Sideline,58102_002798_Sideline.mp4,161,305,13,379,12,0.9773604869842529
58102,2798,Sideline,58102_002798_Sideline.mp4,162,310,13,377,11,0.9850364327430725
58102,2798,Sideline,58102_002798_Sideline.mp4,163,306,13,373,11,0.8974958658218384
58102,2798,Sideline,58102_002798_Sideline.mp4,164,317,13,376,12,0.9923322200775146
58102,2798,Sideline,58102_002798_Sideline.mp4,164,309,13,372,12,0.9901344776153564
58102,2798,Sideline,58102_002798_Sideline.mp4,165,321,13,374,12,0.9883023500442505
58102,2798,Sideline,58102_002798_Sideline.mp4,165,312,14,371,13,0.984475314617157
58102,2798,Sideline,58102_002798_Sideline.mp4,167,316,15,368,15,0.8818278312683105
58102,2798,Sideline,58102_002798_Sideline.mp4,224,535,14,372,15,0.9505606293678284
58102,2798,Sideline,58102_002798_Sideline.mp4,225,538,13,372,15,0.8971378803253174
58102,2798,Sideline,58102_002798_Sideline.mp4,226,541,14,373,15,0.9827308058738708
58102,2798,Sideline,58102_002798_Sideline.mp4,227,545,14,374,15,0.995632529258728
58102,2798,Sideline,58102_002798_Sideline.mp4,228,548,13,375,15,0.9435722827911377
58102,2798,Sideline,58102_002798_Sideline.mp4,229,552,13,375,15,0.8783684968948364
58102,2798,Sideline,58102_002798_Sideline.mp4,257,651,13,386,15,0.9211949110031128
58102,2798,Sideline,58102_002798_Sideline.mp4,258,649,13,389,16,0.9945260286331177
58102,2798,Sideline,58102_002798_Sideline.mp4,258,631,14,392,17,0.989042341709137
58102,2798,Sideline,58102_002798_Sideline.mp4,259,648,13,391,17,0.9969911575317383
58102,2798,Sideline,58102_002798_Sideline.mp4,259,636,12,395,15,0.9615378379821777
58102,2798,Sideline,58102_002798_Sideline.mp4,260,649,14,392,17,0.998608410358429
58102,2798,Sideline,58102_002798_Sideline.mp4,262,652,13,395,18,0.9951807260513306
58102,2798,Sideline,58102_002798_Sideline.mp4,263,654,14,398,16,0.9943921566009521
58102,2798,Sideline,58102_002798_Sideline.mp4,264,655,14,398,16,0.9702000617980957
58102,2798,Sideline,58102_002798_Sideline.mp4,264,642,10,399,10,0.8860040903091431
58102,2798,Sideline,58102_002798_Sideline.mp4,266,658,13,403,13,0.9187004566192627
58102,2798,Sideline,58102_002798_Sideline.mp4,266,642,14,408,17,0.8745231628417969
58102,2798,Sideline,58102_002798_Sideline.mp4,267,641,14,409,16,0.9542062878608704
58102,2798,Sideline,58102_002798_Sideline.mp4,267,659,12,406,15,0.9125217199325562
58102,2798,Sideline,58102_002798_Sideline.mp4,270,660,13,412,15,0.9868401885032654
58102,2798,Sideline,58102_002798_Sideline.mp4,271,661,13,414,14,0.9965578317642212
58102,2798,Sideline,58102_002798_Sideline.mp4,272,661,13,415,14,0.9957329034805298
58102,2798,Sideline,58102_002798_Sideline.mp4,273,660,12,419,13,0.9808565378189087
58102,2798,Sideline,58102_002798_Sideline.mp4,275,616,15,387,14,0.9550986289978027
58102,2798,Sideline,58102_002798_Sideline.mp4,279,638,12,423,17,0.9920320510864258
58102,2798,Sideline,58102_002798_Sideline.mp4,281,647,11,436,9,0.9359720945358276
58102,2798,Sideline,58102_002798_Sideline.mp4,300,657,11,473,12,0.9698600172996521
58102,2798,Sideline,58102_002798_Sideline.mp4,301,658,12,474,12,0.991609513759613
58102,2798,Sideline,58102_002798_Sideline.mp4,302,659,12,473,12,0.9890632629394531
58102,2798,Sideline,58102_002798_Sideline.mp4,303,660,12,472,13,0.995875895023346
58102,2798,Sideline,58102_002798_Sideline.mp4,304,661,12,473,12,0.9783490300178528
58102,2798,Sideline,58102_002798_Sideline.mp4,305,662,12,473,11,0.950885534286499
58102,2798,Sideline,58102_002798_Sideline.mp4,306,662,12,473,11,0.9216492176055908
58102,2798,Sideline,58102_002798_Sideline.mp4,310,665,11,474,11,0.9374125003814697
58102,2798,Sideline,58102_002798_Sideline.mp4,311,665,11,474,11,0.9165239334106445
58102,2798,Sideline,58102_002798_Sideline.mp4,312,664,12,475,11,0.932856559753418
58102,2798,Sideline,58102_002798_Sideline.mp4,313,665,13,475,11,0.9031025767326355
58102,2798,Sideline,58102_002798_Sideline.mp4,314,666,13,475,11,0.9560451507568359
58102,2798,Sideline,58102_002798_Sideline.mp4,340,652,18,482,16,0.859076976776123
58102,2798,Sideline,58102_002798_Sideline.mp4,346,647,18,483,16,0.9475080966949463
58102,2798,Sideline,58102_002798_Sideline.mp4,347,647,18,482,16,0.9786625504493713
58102,2798,Sideline,58102_002798_Sideline.mp4,348,645,19,482,17,0.980407178401947
58102,2798,Sideline,58102_002798_Sideline.mp4,349,644,19,482,18,0.9746208190917969
58102,2798,Sideline,58102_002798_Sideline.mp4,350,644,19,483,17,0.9930789470672607
58102,2798,Sideline,58102_002798_Sideline.mp4,351,642,19,483,17,0.9966877102851868
58102,2798,Sideline,58102_002798_Sideline.mp4,352,642,20,483,17,0.9983335137367249
58102,2798,Sideline,58102_002798_Sideline.mp4,353,641,20,483,17,0.9991593360900879
58102,2798,Sideline,58102_002798_Sideline.mp4,354,639,20,483,18,0.998887300491333
58102,2798,Sideline,58102_002798_Sideline.mp4,355,639,20,483,18,0.9992847442626953
58102,2798,Sideline,58102_002798_Sideline.mp4,356,638,20,482,18,0.9995999336242676
58102,2798,Sideline,58102_002798_Sideline.mp4,357,637,21,481,18,0.9987845420837402
58102,2798,Sideline,58102_002798_Sideline.mp4,358,636,21,480,19,0.9982132911682129
58102,2798,Sideline,58102_002798_Sideline.mp4,359,635,21,481,19,0.9958314299583435
58102,2798,Sideline,58102_002798_Sideline.mp4,360,634,21,481,18,0.9956037998199463
58102,2798,Sideline,58102_002798_Sideline.mp4,361,633,22,480,19,0.9935263395309448
58102,2798,Sideline,58102_002798_Sideline.mp4,362,632,22,481,19,0.9965587258338928
58102,2798,Sideline,58102_002798_Sideline.mp4,363,631,22,481,19,0.99630206823349
58102,2798,Sideline,58102_002798_Sideline.mp4,364,631,22,481,18,0.9990015029907227
58102,2798,Sideline,58102_002798_Sideline.mp4,365,630,23,482,18,0.9986671209335327
58102,2798,Sideline,58102_002798_Sideline.mp4,366,630,23,481,19,0.9991592168807983
57995,109,Sideline,57995_000109_Sideline.mp4,22,499,12,322,15,0.9358093738555908
57995,109,Sideline,57995_000109_Sideline.mp4,23,499,12,322,15,0.9671733975410461
57995,109,Sideline,57995_000109_Sideline.mp4,24,499,13,322,14,0.9933223128318787
57995,109,Sideline,57995_000109_Sideline.mp4,25,499,13,322,15,0.9962014555931091
57995,109,Sideline,57995_000109_Sideline.mp4,25,519,14,328,13,0.9261528253555298
57995,109,Sideline,57995_000109_Sideline.mp4,26,499,13,322,15,0.9961727857589722
57995,109,Sideline,57995_000109_Sideline.mp4,26,518,13,327,14,0.956943154335022
57995,109,Sideline,57995_000109_Sideline.mp4,27,499,13,321,15,0.9966211318969727
57995,109,Sideline,57995_000109_Sideline.mp4,27,518,13,326,13,0.9953253269195557
57995,109,Sideline,57995_000109_Sideline.mp4,28,499,13,322,15,0.9988458156585693
57995,109,Sideline,57995_000109_Sideline.mp4,28,517,13,324,13,0.997249186038971
57995,109,Sideline,57995_000109_Sideline.mp4,29,499,12,322,15,0.9992236495018005
57995,109,Sideline,57995_000109_Sideline.mp4,29,516,12,323,12,0.997823178768158
57995,109,Sideline,57995_000109_Sideline.mp4,30,515,12,322,13,0.9990392327308655
57995,109,Sideline,57995_000109_Sideline.mp4,30,500,12,323,14,0.9986796975135803
57995,109,Sideline,57995_000109_Sideline.mp4,31,501,11,324,14,0.9981818199157715
57995,109,Sideline,57995_000109_Sideline.mp4,31,515,13,322,13,0.9965904951095581
57995,109,Sideline,57995_000109_Sideline.mp4,32,513,12,322,12,0.9983004331588745
57995,109,Sideline,57995_000109_Sideline.mp4,32,501,11,324,14,0.9974102973937988
57995,109,Sideline,57995_000109_Sideline.mp4,33,512,12,322,13,0.9988211393356323
57995,109,Sideline,57995_000109_Sideline.mp4,33,501,11,324,15,0.9967483282089233
57995,109,Sideline,57995_000109_Sideline.mp4,34,511,12,321,13,0.9984659552574158
57995,109,Sideline,57995_000109_Sideline.mp4,34,501,12,326,14,0.9580847024917603
57995,109,Sideline,57995_000109_Sideline.mp4,35,510,12,322,13,0.9980617165565491
57995,109,Sideline,57995_000109_Sideline.mp4,36,509,12,321,12,0.9987940788269043
57995,109,Sideline,57995_000109_Sideline.mp4,36,502,12,326,15,0.8678956031799316
57995,109,Sideline,57995_000109_Sideline.mp4,37,509,12,322,13,0.9940425753593445
57995,109,Sideline,57995_000109_Sideline.mp4,37,501,11,325,15,0.8757509589195251
57995,109,Sideline,57995_000109_Sideline.mp4,38,509,11,322,11,0.982102632522583
57995,109,Sideline,57995_000109_Sideline.mp4,39,480,13,376,15,0.966860294342041
57995,109,Sideline,57995_000109_Sideline.mp4,40,481,13,376,16,0.9336661100387573
57995,109,Sideline,57995_000109_Sideline.mp4,41,482,12,376,15,0.9716215133666992
57995,109,Sideline,57995_000109_Sideline.mp4,41,491,12,382,12,0.9576742053031921
57995,109,Sideline,57995_000109_Sideline.mp4,42,517,11,283,15,0.9969368577003479
57995,109,Sideline,57995_000109_Sideline.mp4,42,505,12,285,14,0.9954880475997925
57995,109,Sideline,57995_000109_Sideline.mp4,42,483,13,376,14,0.9874459505081177
57995,109,Sideline,57995_000109_Sideline.mp4,42,491,12,382,12,0.9812024831771851
57995,109,Sideline,57995_000109_Sideline.mp4,43,489,12,383,13,0.9901760816574097
57995,109,Sideline,57995_000109_Sideline.mp4,43,517,11,285,15,0.9872856140136719
57995,109,Sideline,57995_000109_Sideline.mp4,43,507,10,286,13,0.986247181892395
57995,109,Sideline,57995_000109_Sideline.mp4,43,484,12,376,13,0.9711958169937134
57995,109,Sideline,57995_000109_Sideline.mp4,43,511,11,285,14,0.8646965026855469
57995,109,Sideline,57995_000109_Sideline.mp4,44,509,11,286,14,0.996550440788269
57995,109,Sideline,57995_000109_Sideline.mp4,44,518,10,285,14,0.9937386512756348
57995,109,Sideline,57995_000109_Sideline.mp4,44,488,12,383,14,0.9871581792831421
57995,109,Sideline,57995_000109_Sideline.mp4,45,487,12,384,14,0.9953116774559021
57995,109,Sideline,57995_000109_Sideline.mp4,45,511,11,286,14,0.9461076259613037
57995,109,Sideline,57995_000109_Sideline.mp4,45,515,10,286,13,0.9373946189880371
57995,109,Sideline,57995_000109_Sideline.mp4,46,513,11,287,14,0.9963462352752686
57995,109,Sideline,57995_000109_Sideline.mp4,46,485,13,383,15,0.9864394664764404
57995,109,Sideline,57995_000109_Sideline.mp4,47,513,11,287,14,0.9921150207519531
57995,109,Sideline,57995_000109_Sideline.mp4,47,484,13,384,15,0.9701966047286987
57995,109,Sideline,57995_000109_Sideline.mp4,48,515,10,288,14,0.9880936145782471
57995,109,Sideline,57995_000109_Sideline.mp4,49,517,9,289,15,0.9652494788169861
57995,109,Sideline,57995_000109_Sideline.mp4,50,518,9,289,14,0.9854950308799744
57995,109,Sideline,57995_000109_Sideline.mp4,50,512,8,287,8,0.920048713684082
57995,109,Sideline,57995_000109_Sideline.mp4,51,486,12,222,10,0.9917598366737366
57995,109,Sideline,57995_000109_Sideline.mp4,51,499,13,217,17,0.9574757814407349
57995,109,Sideline,57995_000109_Sideline.mp4,51,517,10,288,15,0.9237442016601562
57995,109,Sideline,57995_000109_Sideline.mp4,52,499,13,218,16,0.9986157417297363
57995,109,Sideline,57995_000109_Sideline.mp4,52,486,11,221,10,0.9978237152099609
57995,109,Sideline,57995_000109_Sideline.mp4,52,516,11,287,15,0.9644641280174255
57995,109,Sideline,57995_000109_Sideline.mp4,53,497,13,217,16,0.9993034601211548
57995,109,Sideline,57995_000109_Sideline.mp4,53,486,11,221,10,0.9983135461807251
57995,109,Sideline,57995_000109_Sideline.mp4,53,515,12,287,15,0.9246260523796082
57995,109,Sideline,57995_000109_Sideline.mp4,54,496,13,219,15,0.9994810819625854
57995,109,Sideline,57995_000109_Sideline.mp4,54,485,11,221,10,0.9965829849243164
57995,109,Sideline,57995_000109_Sideline.mp4,55,494,14,218,15,0.9991071224212646
57995,109,Sideline,57995_000109_Sideline.mp4,55,483,12,219,10,0.998012900352478
57995,109,Sideline,57995_000109_Sideline.mp4,56,493,13,217,16,0.9981432557106018
57995,109,Sideline,57995_000109_Sideline.mp4,56,481,12,217,10,0.9898661375045776
57995,109,Sideline,57995_000109_Sideline.mp4,56,463,15,411,17,0.9411485195159912
57995,109,Sideline,57995_000109_Sideline.mp4,57,493,14,216,17,0.9986804127693176
57995,109,Sideline,57995_000109_Sideline.mp4,57,463,14,411,16,0.895683765411377
57995,109,Sideline,57995_000109_Sideline.mp4,57,478,13,417,12,0.8682811260223389
57995,109,Sideline,57995_000109_Sideline.mp4,58,492,13,215,17,0.9805612564086914
57995,109,Sideline,57995_000109_Sideline.mp4,60,460,13,412,15,0.9194539785385132
57995,109,Sideline,57995_000109_Sideline.mp4,61,470,13,417,12,0.9557985067367554
57995,109,Sideline,57995_000109_Sideline.mp4,61,459,12,412,15,0.9137029051780701
57995,109,Sideline,57995_000109_Sideline.mp4,62,470,13,417,12,0.9085162878036499
57995,109,Sideline,57995_000109_Sideline.mp4,64,468,14,417,12,0.8611823320388794
57995,109,Sideline,57995_000109_Sideline.mp4,110,525,10,276,8,0.8532505035400391
57995,109,Sideline,57995_000109_Sideline.mp4,111,525,10,275,9,0.970022439956665
57995,109,Sideline,57995_000109_Sideline.mp4,112,525,10,275,9,0.8682949542999268
57995,109,Sideline,57995_000109_Sideline.mp4,113,527,10,274,9,0.9086176156997681
57995,109,Sideline,57995_000109_Sideline.mp4,121,530,11,329,13,0.9023405313491821
57995,109,Sideline,57995_000109_Sideline.mp4,122,532,11,329,13,0.8603670597076416
57995,109,Sideline,57995_000109_Sideline.mp4,125,587,13,344,13,0.997177243232727
57995,109,Sideline,57995_000109_Sideline.mp4,125,570,13,342,11,0.996821939945221
57995,109,Sideline,57995_000109_Sideline.mp4,126,587,12,344,14,0.9955330491065979
57995,109,Sideline,57995_000109_Sideline.mp4,126,570,13,341,12,0.9788624048233032
57995,109,Sideline,57995_000109_Sideline.mp4,127,586,12,344,14,0.9995068311691284
57995,109,Sideline,57995_000109_Sideline.mp4,127,573,12,341,12,0.9992564916610718
57995,109,Sideline,57995_000109_Sideline.mp4,128,587,13,343,14,0.999443769454956
57995,109,Sideline,57995_000109_Sideline.mp4,128,572,13,340,12,0.9991145133972168
57995,109,Sideline,57995_000109_Sideline.mp4,129,574,12,339,12,0.9990866184234619
57995,109,Sideline,57995_000109_Sideline.mp4,129,588,12,343,13,0.9986047148704529
57995,109,Sideline,57995_000109_Sideline.mp4,130,574,12,340,12,0.9982534050941467
57995,109,Sideline,57995_000109_Sideline.mp4,130,588,13,342,13,0.9963892102241516
57995,109,Sideline,57995_000109_Sideline.mp4,131,589,13,341,14,0.9963006973266602
57995,109,Sideline,57995_000109_Sideline.mp4,131,574,12,340,12,0.9939358234405518
57995,109,Sideline,57995_000109_Sideline.mp4,132,590,13,340,14,0.9917895197868347
57995,109,Sideline,57995_000109_Sideline.mp4,132,575,12,339,12,0.9290977120399475
57995,109,Sideline,57995_000109_Sideline.mp4,133,591,13,340,14,0.973297119140625
57995,109,Sideline,57995_000109_Sideline.mp4,140,562,10,275,12,0.873824954032898
57995,109,Sideline,57995_000109_Sideline.mp4,141,563,10,274,11,0.8884677886962891
57995,109,Sideline,57995_000109_Sideline.mp4,143,612,13,272,13,0.8759496212005615
57995,109,Sideline,57995_000109_Sideline.mp4,145,617,13,273,12,0.932072639465332
57995,109,Sideline,57995_000109_Sideline.mp4,146,620,13,272,12,0.9576517343521118
57995,109,Sideline,57995_000109_Sideline.mp4,147,622,13,272,12,0.9857722520828247
57995,109,Sideline,57995_000109_Sideline.mp4,147,642,13,268,14,0.9843189716339111
57995,109,Sideline,57995_000109_Sideline.mp4,148,625,13,272,12,0.9981331825256348
57995,109,Sideline,57995_000109_Sideline.mp4,148,643,14,269,15,0.9856597781181335
57995,109,Sideline,57995_000109_Sideline.mp4,149,644,13,269,15,0.9969496130943298
57995,109,Sideline,57995_000109_Sideline.mp4,149,627,13,272,12,0.9965840578079224
57995,109,Sideline,57995_000109_Sideline.mp4,150,629,14,272,13,0.9996122121810913
57995,109,Sideline,57995_000109_Sideline.mp4,150,646,14,269,15,0.9976249933242798
57995,109,Sideline,57995_000109_Sideline.mp4,151,632,13,272,13,0.9996376037597656
57995,109,Sideline,57995_000109_Sideline.mp4,151,648,13,271,14,0.9990617036819458
57995,109,Sideline,57995_000109_Sideline.mp4,152,633,14,271,13,0.9996785521507263
57995,109,Sideline,57995_000109_Sideline.mp4,152,649,13,271,14,0.998664140701294
57995,109,Sideline,57995_000109_Sideline.mp4,153,636,13,271,13,0.9996856451034546
57995,109,Sideline,57995_000109_Sideline.mp4,153,651,13,271,14,0.9988709688186646
57995,109,Sideline,57995_000109_Sideline.mp4,154,637,14,270,14,0.9997431039810181
57995,109,Sideline,57995_000109_Sideline.mp4,154,652,13,272,15,0.9995758533477783
57995,109,Sideline,57995_000109_Sideline.mp4,155,639,14,270,14,0.9997037053108215
57995,109,Sideline,57995_000109_Sideline.mp4,155,653,13,271,15,0.9996408224105835
57995,109,Sideline,57995_000109_Sideline.mp4,156,641,13,270,13,0.9996861815452576
57995,109,Sideline,57995_000109_Sideline.mp4,156,655,14,271,15,0.9985377788543701
57995,109,Sideline,57995_000109_Sideline.mp4,157,642,13,270,13,0.9971204996109009
57995,109,Sideline,57995_000109_Sideline.mp4,157,657,14,272,15,0.9668969511985779
57995,109,Sideline,57995_000109_Sideline.mp4,158,643,14,270,13,0.9979268312454224
57995,109,Sideline,57995_000109_Sideline.mp4,158,658,13,272,15,0.8918229341506958
57995,109,Sideline,57995_000109_Sideline.mp4,159,645,12,270,13,0.9250838756561279
57995,109,Sideline,57995_000109_Sideline.mp4,160,648,12,270,14,0.9835958480834961
57995,109,Sideline,57995_000109_Sideline.mp4,161,649,12,270,15,0.9947136640548706
57995,109,Sideline,57995_000109_Sideline.mp4,161,663,14,273,13,0.946953296661377
57995,109,Sideline,57995_000109_Sideline.mp4,162,650,13,271,15,0.9820961952209473
57995,109,Sideline,57995_000109_Sideline.mp4,162,665,14,273,13,0.8950082659721375
57995,109,Sideline,57995_000109_Sideline.mp4,163,667,14,273,13,0.9960881471633911
57995,109,Sideline,57995_000109_Sideline.mp4,163,651,13,271,15,0.9875196218490601
57995,109,Sideline,57995_000109_Sideline.mp4,164,668,14,273,14,0.9925655126571655
57995,109,Sideline,57995_000109_Sideline.mp4,164,652,13,271,15,0.9909070730209351
57995,109,Sideline,57995_000109_Sideline.mp4,166,655,13,272,15,0.9057289958000183
57995,109,Sideline,57995_000109_Sideline.mp4,167,657,13,272,15,0.9002293348312378
57995,109,Sideline,57995_000109_Sideline.mp4,168,658,13,272,15,0.881866991519928
57995,109,Sideline,57995_000109_Sideline.mp4,184,690,14,274,15,0.9107578992843628
57995,109,Sideline,57995_000109_Sideline.mp4,185,692,14,274,15,0.9213239550590515
57995,109,Sideline,57995_000109_Sideline.mp4,187,696,14,273,15,0.923957109451294
57995,109,Sideline,57995_000109_Sideline.mp4,188,697,14,273,15,0.9528472423553467
57995,109,Sideline,57995_000109_Sideline.mp4,392,744,10,160,10,0.8882458806037903
57995,109,Sideline,57995_000109_Sideline.mp4,393,743,10,161,9,0.9418995380401611
57995,109,Sideline,57995_000109_Sideline.mp4,394,743,10,161,9,0.8813904523849487
57995,109,Sideline,57995_000109_Sideline.mp4,396,742,10,162,10,0.8945847749710083
57995,109,Sideline,57995_000109_Sideline.mp4,397,742,11,162,11,0.9447782039642334
57995,109,Sideline,57995_000109_Sideline.mp4,398,742,10,163,10,0.96724534034729
57995,109,Sideline,57995_000109_Sideline.mp4,399,742,10,163,11,0.9636344909667969
58102,2798,Endzone,58102_002798_Endzone.mp4,1,453,28,329,22,0.9975275993347168
58102,2798,Endzone,58102_002798_Endzone.mp4,2,453,28,329,22,0.9973727464675903
58102,2798,Endzone,58102_002798_Endzone.mp4,3,453,28,329,22,0.9963697195053101
58102,2798,Endzone,58102_002798_Endzone.mp4,4,453,28,329,22,0.9959853887557983
58102,2798,Endzone,58102_002798_Endzone.mp4,5,453,28,329,22,0.9952859878540039
58102,2798,Endzone,58102_002798_Endzone.mp4,6,454,28,329,21,0.994981050491333
58102,2798,Endzone,58102_002798_Endzone.mp4,7,454,28,329,22,0.9948777556419373
58102,2798,Endzone,58102_002798_Endzone.mp4,8,454,28,329,22,0.9958191514015198
58102,2798,Endzone,58102_002798_Endzone.mp4,8,485,25,320,30,0.8618725538253784
58102,2798,Endzone,58102_002798_Endzone.mp4,9,454,28,329,22,0.9940774440765381
58102,2798,Endzone,58102_002798_Endzone.mp4,10,453,28,328,22,0.9937799572944641
58102,2798,Endzone,58102_002798_Endzone.mp4,11,453,28,327,23,0.9975391626358032
58102,2798,Endzone,58102_002798_Endzone.mp4,12,453,28,327,22,0.9987967014312744
58102,2798,Endzone,58102_002798_Endzone.mp4,12,484,26,319,29,0.9330129027366638
58102,2798,Endzone,58102_002798_Endzone.mp4,13,454,28,327,22,0.9992391467094421
58102,2798,Endzone,58102_002798_Endzone.mp4,13,485,26,318,29,0.9419646263122559
58102,2798,Endzone,58102_002798_Endzone.mp4,14,454,29,327,22,0.9992026090621948
58102,2798,Endzone,58102_002798_Endzone.mp4,14,485,27,319,29,0.9448760151863098
58102,2798,Endzone,58102_002798_Endzone.mp4,15,456,28,326,22,0.9989566802978516
58102,2798,Endzone,58102_002798_Endzone.mp4,15,485,27,319,29,0.9835748076438904
58102,2798,Endzone,58102_002798_Endzone.mp4,16,457,28,325,21,0.9993908405303955
58102,2798,Endzone,58102_002798_Endzone.mp4,16,485,27,318,27,0.9978299140930176
58102,2798,Endzone,58102_002798_Endzone.mp4,17,485,27,317,26,0.9989397525787354
58102,2798,Endzone,58102_002798_Endzone.mp4,17,459,27,324,21,0.9988152980804443
58102,2798,Endzone,58102_002798_Endzone.mp4,18,461,27,322,21,0.9993239641189575
58102,2798,Endzone,58102_002798_Endzone.mp4,18,485,26,315,25,0.9961351752281189
58102,2798,Endzone,58102_002798_Endzone.mp4,19,462,27,319,22,0.9972057342529297
58102,2798,Endzone,58102_002798_Endzone.mp4,19,487,25,311,25,0.9938011765480042
58102,2798,Endzone,58102_002798_Endzone.mp4,20,464,27,316,23,0.9989596605300903
58102,2798,Endzone,58102_002798_Endzone.mp4,20,488,25,309,26,0.9961302876472473
58102,2798,Endzone,58102_002798_Endzone.mp4,21,466,28,314,24,0.9990403652191162
58102,2798,Endzone,58102_002798_Endzone.mp4,21,489,24,307,26,0.9960953593254089
58102,2798,Endzone,58102_002798_Endzone.mp4,22,469,28,312,24,0.9991885423660278
58102,2798,Endzone,58102_002798_Endzone.mp4,22,489,24,304,27,0.9949308633804321
58102,2798,Endzone,58102_002798_Endzone.mp4,23,472,28,311,24,0.999554455280304
58102,2798,Endzone,58102_002798_Endzone.mp4,23,490,25,302,28,0.9972789287567139
58102,2798,Endzone,58102_002798_Endzone.mp4,24,473,29,309,24,0.9980814456939697
58102,2798,Endzone,58102_002798_Endzone.mp4,24,490,25,298,30,0.9897608757019043
58102,2798,Endzone,58102_002798_Endzone.mp4,25,475,28,308,24,0.9854699373245239
58102,2798,Endzone,58102_002798_Endzone.mp4,25,490,26,295,31,0.9737855792045593
58102,2798,Endzone,58102_002798_Endzone.mp4,26,475,29,306,24,0.8514814376831055
58102,2798,Endzone,58102_002798_Endzone.mp4,38,490,28,296,24,0.958724856376648
58102,2798,Endzone,58102_002798_Endzone.mp4,39,491,27,295,24,0.9277600049972534
58102,2798,Endzone,58102_002798_Endzone.mp4,40,492,27,294,25,0.8837526440620422
58102,2798,Endzone,58102_002798_Endzone.mp4,41,493,27,293,25,0.8904632329940796
58102,2798,Endzone,58102_002798_Endzone.mp4,42,494,27,292,25,0.9641216993331909
58102,2798,Endzone,58102_002798_Endzone.mp4,42,486,24,283,29,0.9411290884017944
58102,2798,Endzone,58102_002798_Endzone.mp4,43,496,27,291,25,0.9605976939201355
58102,2798,Endzone,58102_002798_Endzone.mp4,43,488,23,283,28,0.887545108795166
58102,2798,Endzone,58102_002798_Endzone.mp4,44,497,26,290,24,0.8582800626754761
58102,2798,Endzone,58102_002798_Endzone.mp4,45,497,26,289,23,0.9891922473907471
58102,2798,Endzone,58102_002798_Endzone.mp4,45,492,23,283,27,0.9705004692077637
58102,2798,Endzone,58102_002798_Endzone.mp4,46,497,27,287,23,0.9964691400527954
58102,2798,Endzone,58102_002798_Endzone.mp4,47,497,28,283,25,0.9856449961662292
58102,2798,Endzone,58102_002798_Endzone.mp4,48,840,31,268,28,0.991813063621521
58102,2798,Endzone,58102_002798_Endzone.mp4,48,498,28,279,27,0.9876326322555542
58102,2798,Endzone,58102_002798_Endzone.mp4,48,864,23,265,31,0.9828147888183594
58102,2798,Endzone,58102_002798_Endzone.mp4,49,843,30,267,28,0.9980975389480591
58102,2798,Endzone,58102_002798_Endzone.mp4,49,865,22,265,30,0.997887372970581
58102,2798,Endzone,58102_002798_Endzone.mp4,49,498,28,278,27,0.9793097972869873
58102,2798,Endzone,58102_002798_Endzone.mp4,50,866,20,264,29,0.9991424083709717
58102,2798,Endzone,58102_002798_Endzone.mp4,50,845,31,267,28,0.9980752468109131
58102,2798,Endzone,58102_002798_Endzone.mp4,51,869,18,263,30,0.999170184135437
58102,2798,Endzone,58102_002798_Endzone.mp4,51,846,32,263,30,0.9980722665786743
58102,2798,Endzone,58102_002798_Endzone.mp4,52,871,18,261,29,0.9936079978942871
58102,2798,Endzone,58102_002798_Endzone.mp4,52,847,32,260,31,0.9664974212646484
58102,2798,Endzone,58102_002798_Endzone.mp4,53,874,16,260,28,0.9972274303436279
58102,2798,Endzone,58102_002798_Endzone.mp4,53,848,32,257,31,0.934597373008728
58102,2798,Endzone,58102_002798_Endzone.mp4,54,876,16,259,30,0.9966306686401367
58102,2798,Endzone,58102_002798_Endzone.mp4,54,849,36,256,31,0.984653115272522
58102,2798,Endzone,58102_002798_Endzone.mp4,55,878,16,258,31,0.9939284920692444
58102,2798,Endzone,58102_002798_Endzone.mp4,55,850,40,255,31,0.8544083833694458
58102,2798,Endzone,58102_002798_Endzone.mp4,56,881,17,257,31,0.9922062754631042
58102,2798,Endzone,58102_002798_Endzone.mp4,74,1084,29,242,36,0.9687074422836304
58102,2798,Endzone,58102_002798_Endzone.mp4,75,1085,30,242,35,0.9462673664093018
58102,2798,Endzone,58102_002798_Endzone.mp4,81,1109,30,244,37,0.8525001406669617
58102,2798,Endzone,58102_002798_Endzone.mp4,82,1112,31,245,36,0.9874904155731201
58102,2798,Endzone,58102_002798_Endzone.mp4,82,1071,36,249,38,0.9710345268249512
58102,2798,Endzone,58102_002798_Endzone.mp4,99,52,28,183,31,0.9928475618362427
58102,2798,Endzone,58102_002798_Endzone.mp4,99,19,29,175,26,0.878342866897583
58102,2798,Endzone,58102_002798_Endzone.mp4,100,56,29,183,32,0.9985669851303101
58102,2798,Endzone,58102_002798_Endzone.mp4,101,61,30,181,31,0.9986079931259155
58102,2798,Endzone,58102_002798_Endzone.mp4,101,33,28,170,27,0.9856906533241272
58102,2798,Endzone,58102_002798_Endzone.mp4,102,68,29,180,30,0.9993906617164612
58102,2798,Endzone,58102_002798_Endzone.mp4,102,40,27,167,26,0.9846309423446655
58102,2798,Endzone,58102_002798_Endzone.mp4,103,77,29,178,31,0.9994139671325684
58102,2798,Endzone,58102_002798_Endzone.mp4,103,46,28,166,26,0.9538393020629883
58102,2798,Endzone,58102_002798_Endzone.mp4,104,83,28,176,31,0.999650239944458
58102,2798,Endzone,58102_002798_Endzone.mp4,104,51,28,164,26,0.9881083965301514
58102,2798,Endzone,58102_002798_Endzone.mp4,105,92,29,175,31,0.9976446628570557
58102,2798,Endzone,58102_002798_Endzone.mp4,105,58,29,163,28,0.9916656017303467
58102,2798,Endzone,58102_002798_Endzone.mp4,106,99,31,175,30,0.9946737289428711
58102,2798,Endzone,58102_002798_Endzone.mp4,107,106,30,175,30,0.9723997116088867
58102,2798,Endzone,58102_002798_Endzone.mp4,130,954,24,111,33,0.9952333569526672
58102,2798,Endzone,58102_002798_Endzone.mp4,130,637,25,160,37,0.987188994884491
58102,2798,Endzone,58102_002798_Endzone.mp4,130,926,30,110,27,0.9841173887252808
58102,2798,Endzone,58102_002798_Endzone.mp4,131,955,22,111,33,0.9985899925231934
58102,2798,Endzone,58102_002798_Endzone.mp4,131,928,29,110,26,0.997150182723999
58102,2798,Endzone,58102_002798_Endzone.mp4,131,638,24,159,37,0.9906200170516968
58102,2798,Endzone,58102_002798_Endzone.mp4,132,957,21,113,31,0.9993565082550049
58102,2798,Endzone,58102_002798_Endzone.mp4,132,930,29,110,26,0.9988242387771606
58102,2798,Endzone,58102_002798_Endzone.mp4,132,641,23,159,36,0.9966946840286255
58102,2798,Endzone,58102_002798_Endzone.mp4,132,614,29,161,29,0.9938187599182129
58102,2798,Endzone,58102_002798_Endzone.mp4,133,932,29,110,27,0.9998062252998352
58102,2798,Endzone,58102_002798_Endzone.mp4,133,959,22,114,32,0.9990813136100769
58102,2798,Endzone,58102_002798_Endzone.mp4,133,644,25,159,36,0.9893354177474976
58102,2798,Endzone,58102_002798_Endzone.mp4,133,617,28,160,28,0.9566402435302734
58102,2798,Endzone,58102_002798_Endzone.mp4,134,962,22,115,33,0.9993777275085449
58102,2798,Endzone,58102_002798_Endzone.mp4,134,935,29,110,28,0.9986859560012817
58102,2798,Endzone,58102_002798_Endzone.mp4,134,647,25,159,36,0.9944576025009155
58102,2798,Endzone,58102_002798_Endzone.mp4,134,620,29,157,29,0.9270703196525574
58102,2798,Endzone,58102_002798_Endzone.mp4,135,965,24,115,34,0.9982287883758545
58102,2798,Endzone,58102_002798_Endzone.mp4,135,938,29,110,28,0.9972920417785645
58102,2798,Endzone,58102_002798_Endzone.mp4,135,652,26,158,37,0.987348198890686
58102,2798,Endzone,58102_002798_Endzone.mp4,136,968,25,115,35,0.9995214939117432
58102,2798,Endzone,58102_002798_Endzone.mp4,136,940,29,110,28,0.9963902235031128
58102,2798,Endzone,58102_002798_Endzone.mp4,136,655,26,158,37,0.9952195286750793
58102,2798,Endzone,58102_002798_Endzone.mp4,137,970,25,116,35,0.9998511075973511
58102,2798,Endzone,58102_002798_Endzone.mp4,137,943,29,109,29,0.999434232711792
58102,2798,Endzone,58102_002798_Endzone.mp4,137,658,25,158,35,0.9532973766326904
58102,2798,Endzone,58102_002798_Endzone.mp4,138,973,25,115,35,0.9997982978820801
58102,2798,Endzone,58102_002798_Endzone.mp4,138,945,29,110,29,0.9995543956756592
58102,2798,Endzone,58102_002798_Endzone.mp4,139,948,29,110,30,0.9997514486312866
58102,2798,Endzone,58102_002798_Endzone.mp4,139,976,24,116,35,0.9997396469116211
58102,2798,Endzone,58102_002798_Endzone.mp4,140,951,29,111,32,0.999836802482605
58102,2798,Endzone,58102_002798_Endzone.mp4,140,978,24,116,36,0.9997348785400391
58102,2798,Endzone,58102_002798_Endzone.mp4,141,953,29,112,32,0.999774158000946
58102,2798,Endzone,58102_002798_Endzone.mp4,141,980,23,116,37,0.9996845722198486
58102,2798,Endzone,58102_002798_Endzone.mp4,142,953,30,114,33,0.998681902885437
58102,2798,Endzone,58102_002798_Endzone.mp4,142,980,24,115,38,0.9979231953620911
58102,2798,Endzone,58102_002798_Endzone.mp4,143,955,31,115,32,0.9922075271606445
58102,2798,Endzone,58102_002798_Endzone.mp4,143,980,24,114,39,0.989041805267334
58102,2798,Endzone,58102_002798_Endzone.mp4,144,980,24,112,36,0.9983010292053223
58102,2798,Endzone,58102_002798_Endzone.mp4,144,957,30,117,32,0.9947217702865601
58102,2798,Endzone,58102_002798_Endzone.mp4,145,981,24,111,37,0.989092230796814
58102,2798,Endzone,58102_002798_Endzone.mp4,145,959,31,118,32,0.9414547681808472
58102,2798,Endzone,58102_002798_Endzone.mp4,146,980,24,109,37,0.9780161380767822
58102,2798,Endzone,58102_002798_Endzone.mp4,146,961,31,119,32,0.8762973546981812
58102,2798,Endzone,58102_002798_Endzone.mp4,150,1089,31,257,34,0.9963521957397461
58102,2798,Endzone,58102_002798_Endzone.mp4,151,1087,32,257,36,0.9998018145561218
58102,2798,Endzone,58102_002798_Endzone.mp4,151,1049,34,254,29,0.8732682466506958
58102,2798,Endzone,58102_002798_Endzone.mp4,152,1086,30,258,37,0.9998399019241333
58102,2798,Endzone,58102_002798_Endzone.mp4,153,1082,30,258,35,0.9996238350868225
58102,2798,Endzone,58102_002798_Endzone.mp4,154,1078,30,256,36,0.9994493722915649
58102,2798,Endzone,58102_002798_Endzone.mp4,154,1045,33,255,28,0.914071261882782
58102,2798,Endzone,58102_002798_Endzone.mp4,155,1073,31,255,37,0.9996410012245178
58102,2798,Endzone,58102_002798_Endzone.mp4,155,1042,31,255,27,0.9532172679901123
58102,2798,Endzone,58102_002798_Endzone.mp4,156,1069,31,254,36,0.9995629191398621
58102,2798,Endzone,58102_002798_Endzone.mp4,156,1039,30,256,28,0.9435327053070068
58102,2798,Endzone,58102_002798_Endzone.mp4,157,1067,31,253,35,0.9994080066680908
58102,2798,Endzone,58102_002798_Endzone.mp4,157,1037,30,257,28,0.9351322650909424
58102,2798,Endzone,58102_002798_Endzone.mp4,158,1065,30,253,34,0.9992770552635193
58102,2798,Endzone,58102_002798_Endzone.mp4,158,1034,31,258,28,0.9099611043930054
58102,2798,Endzone,58102_002798_Endzone.mp4,159,1061,30,253,32,0.9959968328475952
58102,2798,Endzone,58102_002798_Endzone.mp4,159,1032,31,258,29,0.9239862561225891
58102,2798,Endzone,58102_002798_Endzone.mp4,161,1055,30,249,33,0.9246569871902466
58102,2798,Endzone,58102_002798_Endzone.mp4,162,1052,29,247,32,0.9191844463348389
58102,2798,Endzone,58102_002798_Endzone.mp4,191,733,27,175,34,0.8813381195068359
58102,2798,Endzone,58102_002798_Endzone.mp4,218,937,28,236,26,0.9019724130630493
58102,2798,Endzone,58102_002798_Endzone.mp4,219,939,28,236,26,0.9841415882110596
58102,2798,Endzone,58102_002798_Endzone.mp4,220,940,28,237,24,0.9954906105995178
58102,2798,Endzone,58102_002798_Endzone.mp4,221,941,27,238,22,0.8760278820991516
58102,2798,Endzone,58102_002798_Endzone.mp4,226,947,23,244,17,0.9439330697059631
58102,2798,Endzone,58102_002798_Endzone.mp4,227,950,22,245,16,0.9978615641593933
58102,2798,Endzone,58102_002798_Endzone.mp4,228,951,23,246,16,0.9997970461845398
58102,2798,Endzone,58102_002798_Endzone.mp4,229,954,23,246,16,0.9996938109397888
58102,2798,Endzone,58102_002798_Endzone.mp4,230,957,22,247,16,0.9923157691955566
58102,2798,Endzone,58102_002798_Endzone.mp4,230,917,25,239,31,0.9530974626541138
58102,2798,Endzone,58102_002798_Endzone.mp4,231,920,26,240,30,0.9960497617721558
58102,2798,Endzone,58102_002798_Endzone.mp4,231,959,24,248,16,0.92389976978302
58102,2798,Endzone,58102_002798_Endzone.mp4,232,923,26,241,29,0.9917194843292236
58102,2798,Endzone,58102_002798_Endzone.mp4,233,925,27,243,28,0.989601731300354
58102,2798,Endzone,58102_002798_Endzone.mp4,234,963,25,250,17,0.9430074095726013
58102,2798,Endzone,58102_002798_Endzone.mp4,234,926,27,246,26,0.8793144226074219
58102,2798,Endzone,58102_002798_Endzone.mp4,235,928,28,248,26,0.8952772617340088
58102,2798,Endzone,58102_002798_Endzone.mp4,235,963,26,250,18,0.8739558458328247
58102,2798,Endzone,58102_002798_Endzone.mp4,236,929,27,249,26,0.9694855213165283
58102,2798,Endzone,58102_002798_Endzone.mp4,236,963,26,249,19,0.9027339220046997
58102,2798,Endzone,58102_002798_Endzone.mp4,237,930,28,249,27,0.9937797784805298
58102,2798,Endzone,58102_002798_Endzone.mp4,237,962,26,249,23,0.8727872967720032
58102,2798,Endzone,58102_002798_Endzone.mp4,238,930,28,251,25,0.9686575531959534
58102,2798,Endzone,58102_002798_Endzone.mp4,239,929,30,252,25,0.9705049395561218
58102,2798,Endzone,58102_002798_Endzone.mp4,244,767,24,349,30,0.9579809308052063
58102,2798,Endzone,58102_002798_Endzone.mp4,246,758,23,357,28,0.8979212045669556
58102,2798,Endzone,58102_002798_Endzone.mp4,247,749,27,358,31,0.9914060235023499
58102,2798,Endzone,58102_002798_Endzone.mp4,248,745,25,363,27,0.9942007660865784
58102,2798,Endzone,58102_002798_Endzone.mp4,249,740,25,368,26,0.9955408573150635
58102,2798,Endzone,58102_002798_Endzone.mp4,250,737,22,373,24,0.9994279146194458
58102,2798,Endzone,58102_002798_Endzone.mp4,251,731,22,377,25,0.9997684955596924
58102,2798,Endzone,58102_002798_Endzone.mp4,252,725,20,381,23,0.9997557401657104
58102,2798,Endzone,58102_002798_Endzone.mp4,253,720,19,381,25,0.9995538592338562
58102,2798,Endzone,58102_002798_Endzone.mp4,254,717,15,382,25,0.9975706934928894
58102,2798,Endzone,58102_002798_Endzone.mp4,254,938,23,251,19,0.903841495513916
58102,2798,Endzone,58102_002798_Endzone.mp4,255,937,22,253,17,0.9990454912185669
58102,2798,Endzone,58102_002798_Endzone.mp4,255,919,28,238,27,0.998309850692749
58102,2798,Endzone,58102_002798_Endzone.mp4,255,708,17,384,24,0.9976713061332703
58102,2798,Endzone,58102_002798_Endzone.mp4,256,924,28,238,29,0.9977383017539978
58102,2798,Endzone,58102_002798_Endzone.mp4,256,937,21,253,16,0.9972664713859558
58102,2798,Endzone,58102_002798_Endzone.mp4,256,701,17,384,25,0.9950274229049683
58102,2798,Endzone,58102_002798_Endzone.mp4,257,696,16,383,24,0.9993476271629333
58102,2798,Endzone,58102_002798_Endzone.mp4,257,930,28,238,29,0.9971964955329895
58102,2798,Endzone,58102_002798_Endzone.mp4,258,934,27,241,23,0.9992629289627075
58102,2798,Endzone,58102_002798_Endzone.mp4,259,937,28,241,23,0.9994564056396484
58102,2798,Endzone,58102_002798_Endzone.mp4,260,940,25,241,24,0.999058723449707
58102,2798,Endzone,58102_002798_Endzone.mp4,261,942,25,242,23,0.9984132647514343
58102,2798,Endzone,58102_002798_Endzone.mp4,262,944,25,243,22,0.9997338056564331
58102,2798,Endzone,58102_002798_Endzone.mp4,263,949,27,244,22,0.9994434118270874
58102,2798,Endzone,58102_002798_Endzone.mp4,264,953,23,245,15,0.9748673439025879
58102,2798,Endzone,58102_002798_Endzone.mp4,265,955,26,256,17,0.9914149045944214
58102,2798,Endzone,58102_002798_Endzone.mp4,266,958,27,256,17,0.967857837677002
58102,2798,Endzone,58102_002798_Endzone.mp4,267,967,21,249,15,0.8645228147506714
58102,2798,Endzone,58102_002798_Endzone.mp4,268,973,18,250,15,0.9583421349525452
58102,2798,Endzone,58102_002798_Endzone.mp4,268,959,29,253,21,0.9365679025650024
58102,2798,Endzone,58102_002798_Endzone.mp4,269,971,22,252,16,0.989316463470459
58102,2798,Endzone,58102_002798_Endzone.mp4,270,975,22,254,18,0.9886112213134766
58102,2798,Endzone,58102_002798_Endzone.mp4,270,959,23,261,21,0.9858860969543457
58102,2798,Endzone,58102_002798_Endzone.mp4,271,977,23,257,19,0.9892734289169312
58102,2798,Endzone,58102_002798_Endzone.mp4,271,957,22,264,17,0.8900257349014282
58102,2798,Endzone,58102_002798_Endzone.mp4,273,952,23,265,18,0.9820760488510132
58102,2798,Endzone,58102_002798_Endzone.mp4,274,951,23,267,18,0.961093544960022
58102,2798,Endzone,58102_002798_Endzone.mp4,279,942,22,307,29,0.9633288383483887
58102,2798,Endzone,58102_002798_Endzone.mp4,280,939,24,307,29,0.8670835494995117
58102,2798,Endzone,58102_002798_Endzone.mp4,295,981,33,361,31,0.9666488170623779
58102,2798,Endzone,58102_002798_Endzone.mp4,296,981,34,367,32,0.9931435585021973
58102,2798,Endzone,58102_002798_Endzone.mp4,297,969,41,378,28,0.9900062084197998
58102,2798,Endzone,58102_002798_Endzone.mp4,298,971,39,382,27,0.9975686073303223
58102,2798,Endzone,58102_002798_Endzone.mp4,299,971,36,387,29,0.9949954152107239
58102,2798,Endzone,58102_002798_Endzone.mp4,300,966,34,383,30,0.9997711181640625
58102,2798,Endzone,58102_002798_Endzone.mp4,301,963,32,382,31,0.9993144273757935
58102,2798,Endzone,58102_002798_Endzone.mp4,302,959,32,382,31,0.9991137981414795
58102,2798,Endzone,58102_002798_Endzone.mp4,303,954,33,382,32,0.9986530542373657
58102,2798,Endzone,58102_002798_Endzone.mp4,304,951,32,382,33,0.9985784292221069
58102,2798,Endzone,58102_002798_Endzone.mp4,305,945,32,383,33,0.994266152381897
58102,2798,Endzone,58102_002798_Endzone.mp4,306,941,32,385,31,0.9705011248588562
58102,2798,Endzone,58102_002798_Endzone.mp4,307,938,31,386,31,0.9626575112342834
58102,2798,Endzone,58102_002798_Endzone.mp4,308,932,31,386,30,0.8672202229499817
58102,2798,Endzone,58102_002798_Endzone.mp4,311,921,28,386,30,0.9950720071792603
58102,2798,Endzone,58102_002798_Endzone.mp4,312,917,27,386,31,0.9798976182937622
58102,2798,Endzone,58102_002798_Endzone.mp4,312,23,33,397,23,0.9090226888656616
58102,2798,Endzone,58102_002798_Endzone.mp4,313,914,26,386,30,0.9624577164649963
58102,2798,Endzone,58102_002798_Endzone.mp4,314,911,25,386,30,0.9857476949691772
58102,2798,Endzone,58102_002798_Endzone.mp4,315,909,24,387,30,0.9523125886917114
58102,2798,Endzone,58102_002798_Endzone.mp4,316,905,24,387,30,0.9178270101547241
58102,2798,Endzone,58102_002798_Endzone.mp4,316,2,30,395,20,0.8638331890106201
58102,2798,Endzone,58102_002798_Endzone.mp4,317,902,24,386,32,0.9314976930618286
58102,2798,Endzone,58102_002798_Endzone.mp4,319,893,25,388,30,0.9441393613815308
58102,2798,Endzone,58102_002798_Endzone.mp4,320,884,29,389,30,0.9911879301071167
58102,2798,Endzone,58102_002798_Endzone.mp4,321,884,26,389,30,0.9817702770233154
58102,2798,Endzone,58102_002798_Endzone.mp4,322,884,23,391,28,0.965315580368042
58102,2798,Endzone,58102_002798_Endzone.mp4,323,880,22,390,29,0.9351833462715149
58102,2798,Endzone,58102_002798_Endzone.mp4,324,875,23,390,29,0.9925013184547424
58102,2798,Endzone,58102_002798_Endzone.mp4,328,846,32,413,35,0.8876900672912598
58102,2798,Endzone,58102_002798_Endzone.mp4,329,841,35,416,38,0.9788075685501099
58102,2798,Endzone,58102_002798_Endzone.mp4,330,841,35,422,34,0.9165651798248291
58102,2798,Endzone,58102_002798_Endzone.mp4,331,838,35,424,36,0.9384716153144836
58102,2798,Endzone,58102_002798_Endzone.mp4,332,836,33,424,36,0.9708614349365234
58102,2798,Endzone,58102_002798_Endzone.mp4,333,834,33,425,35,0.9083895683288574
58102,2798,Endzone,58102_002798_Endzone.mp4,334,832,32,425,35,0.9246253967285156
58102,2798,Endzone,58102_002798_Endzone.mp4,335,828,33,426,35,0.9099764823913574
58102,2798,Endzone,58102_002798_Endzone.mp4,336,824,35,427,35,0.9614903926849365
58102,2798,Endzone,58102_002798_Endzone.mp4,337,821,36,426,37,0.9734088778495789
58102,2798,Endzone,58102_002798_Endzone.mp4,338,818,36,425,37,0.981627345085144
58102,2798,Endzone,58102_002798_Endzone.mp4,339,818,33,424,36,0.9652097821235657
58102,2798,Endzone,58102_002798_Endzone.mp4,340,812,35,422,36,0.98079514503479
58102,2798,Endzone,58102_002798_Endzone.mp4,341,811,34,422,35,0.9641634225845337
58102,2798,Endzone,58102_002798_Endzone.mp4,342,810,33,421,36,0.9681957960128784
58102,2798,Endzone,58102_002798_Endzone.mp4,343,804,35,419,36,0.9742880463600159
58102,2798,Endzone,58102_002798_Endzone.mp4,344,800,36,416,39,0.9155499339103699
58102,2798,Endzone,58102_002798_Endzone.mp4,345,801,33,415,37,0.9495760202407837
58102,2798,Endzone,58102_002798_Endzone.mp4,346,795,36,414,38,0.8980233669281006
58102,2798,Endzone,58102_002798_Endzone.mp4,347,793,35,414,36,0.8747034072875977
58102,2798,Endzone,58102_002798_Endzone.mp4,349,787,36,413,36,0.8754170536994934
